nombre,semestre,documento,correo,seccional
 Manuel  García  Bravo,1,7369614439,.manuel..garcía..bravo0000@udea.edu.co,Sede Nordeste
 Alejandro  Suárez  Guerrero,1,1387295859,.alejandro..suárez..guerrero0001@udea.edu.co,Sede Nordeste
 Ana  Pascual  Ochoa,1,9143614274,.ana..pascual..ochoa0002@udea.edu.co,Seccional Magdalena Medio
 Sebastián  Martínez  Vargas,1,1299066276,.sebastián..martínez..vargas0003@udea.edu.co,Sede Norte
 Samuel  Carretero  Arias,1,0039681661,.samuel..carretero..arias0004@udea.edu.co,Sede Sonsón
 David  Domínguez  Díaz,1,0113918359,.david..domínguez..díaz0005@udea.edu.co,Sede Sonsón
 Daniela  Ruiz  Torres,1,5920550218,.daniela..ruiz..torres0006@udea.edu.co,Seccional Suroeste
 Andrés  Benítez  Álvarez,1,8487524784,.andrés..benítez..álvarez0007@udea.edu.co,Seccional Suroeste
 Esteban  Abad  González,1,8456028954,.esteban..abad..gonzález0008@udea.edu.co,Sede Norte
 Isabel  Iglesias  Prieto,1,3277594854,.isabel..iglesias..prieto0009@udea.edu.co,Seccional Urabá
 Manuel  Rodríguez ﻿Apellidos,1,1842775146,.manuel..rodríguez.﻿apellidos0010@udea.edu.co,Seccional Occidente
 Laura  Castro  Vicente,1,3398502305,.laura..castro..vicente0011@udea.edu.co,Sede Nordeste
 Natalia  Suárez  Marín,1,3562006024,.natalia..suárez..marín0012@udea.edu.co,Seccional Urabá
 Leonardo  Benítez  Molina,1,2839150002,.leonardo..benítez..molina0013@udea.edu.co,Seccional Bajo Cauca
 Carlos  Rubio  Muñoz,1,5140086946,.carlos..rubio..muñoz0014@udea.edu.co,Seccional Suroeste
 Simón  Arias  Castro,1,6469525861,.simón..arias..castro0015@udea.edu.co,Seccional Magdalena Medio
 Carolina  Rubio  Pascual,1,0074773928,.carolina..rubio..pascual0016@udea.edu.co,Seccional Suroeste
 José  Calvo  Vega,1,4270762903,.josé..calvo..vega0017@udea.edu.co,Seccional Urabá
 Samuel  Herrero  Morales,1,1937735880,.samuel..herrero..morales0018@udea.edu.co,Seccional Suroeste
 Laura  Carretero  Sánchez,1,7722281866,.laura..carretero..sánchez0019@udea.edu.co,Sede Distrito Minero
 Samantha  Calvo  Castro,1,5884308083,.samantha..calvo..castro0020@udea.edu.co,Seccional Occidente
 Diego  Suárez  Ortega,1,4508954558,.diego..suárez..ortega0021@udea.edu.co,Seccional Urabá
 María  Medina  Molina,1,1564812223,.maría..medina..molina0022@udea.edu.co,Seccional Occidente
 Marcela  Ramírez  Correa,1,3496938611,.marcela..ramírez..correa0023@udea.edu.co,Seccional Magdalena Medio
 Paula  Guerra  Medina,1,4248629635,.paula..guerra..medina0024@udea.edu.co,Seccional Suroeste
 Sofia  Torres  Blanco,1,3609971095,.sofia..torres..blanco0025@udea.edu.co,Sede Norte
 Samantha  García  Arias,1,2116185321,.samantha..garcía..arias0026@udea.edu.co,Sede Norte
 Antonella  Reyes  Guerrero,1,4465594604,.antonella..reyes..guerrero0027@udea.edu.co,Ciudad Universitaria
 Alexander  Guerrero  Domínguez,1,0472766126,.alexander..guerrero..domínguez0028@udea.edu.co,Sede Sonsón
 Carolina  Torres  Oliva,1,4951699764,.carolina..torres..oliva0029@udea.edu.co,Seccional Occidente
 María José  Castro  Miranda,1,0772728863,.maría.josé..castro..miranda0030@udea.edu.co,Seccional Oriente
 Felipe  Álvarez  Medina,1,4368874259,.felipe..álvarez..medina0031@udea.edu.co,Seccional Oriente
 Daniel  Miranda  Aguilar,1,5337494656,.daniel..miranda..aguilar0032@udea.edu.co,Seccional Oriente
 Victoria  González  Serrano,1,6201599176,.victoria..gonzález..serrano0033@udea.edu.co,Sede Nordeste
 Valentina  Torres  Ortega,1,4161233925,.valentina..torres..ortega0034@udea.edu.co,Ciudad Universitaria
 Gabriela  Pérez  Navarro,1,1599015874,.gabriela..pérez..navarro0035@udea.edu.co,Seccional Bajo Cauca
 Jennifer  Ramos  Medina,1,2387205884,.jennifer..ramos..medina0036@udea.edu.co,Seccional Magdalena Medio
 Mauricio  Rubio  Benítez,1,7548284301,.mauricio..rubio..benítez0037@udea.edu.co,Seccional Bajo Cauca
 Emma  Cortés  Amaya,1,7689552376,.emma..cortés..amaya0038@udea.edu.co,Seccional Suroeste
 Diego  Varela  Ochoa,1,2635776858,.diego..varela..ochoa0039@udea.edu.co,Seccional Urabá
 Isabella  Cabello  Ortega,1,3375950600,.isabella..cabello..ortega0040@udea.edu.co,Sede Distrito Minero
 Santiago  Gil  Ríos,1,8730067388,.santiago..gil..ríos0041@udea.edu.co,Seccional Oriente
 Clara  Esteban  Morales,1,8586647657,.clara..esteban..morales0042@udea.edu.co,Sede Norte
 Sara  Calvo  Abad,1,3767782134,.sara..calvo..abad0043@udea.edu.co,Sede Norte
 Laura  Díaz  Miranda,1,5235149954,.laura..díaz..miranda0044@udea.edu.co,Sede Distrito Minero
 Catalina  Ortega  Cabrera,1,2430000891,.catalina..ortega..cabrera0045@udea.edu.co,Seccional Occidente
 Jennifer  Gómez  Vidal,1,5648449269,.jennifer..gómez..vidal0046@udea.edu.co,Sede Sonsón
 Mariana  Prieto  González,1,2297904186,.mariana..prieto..gonzález0047@udea.edu.co,Ciudad Universitaria
 Catalina  Arias  Díaz,1,9975729491,.catalina..arias..díaz0048@udea.edu.co,Seccional Magdalena Medio
 Leonardo  Marín  Suárez,1,3580720466,.leonardo..marín..suárez0049@udea.edu.co,Sede Distrito Minero
 Emma  Amaya  Prieto,1,9242172165,.emma..amaya..prieto0050@udea.edu.co,Seccional Oriente
 Valentina  Rubio  Serrano,1,1895257271,.valentina..rubio..serrano0051@udea.edu.co,Sede Sonsón
 Juan  Moya  Cruz,1,6893496452,.juan..moya..cruz0052@udea.edu.co,Sede Nordeste
 Valentina  Cortés  Morales,1,6450344643,.valentina..cortés..morales0053@udea.edu.co,Seccional Urabá
 Valentina ﻿Apellidos  Romero,1,1528329368,.valentina.﻿apellidos..romero0054@udea.edu.co,Sede Distrito Minero
 José  Ferrer  Cabrera,1,6476298663,.josé..ferrer..cabrera0055@udea.edu.co,Seccional Urabá
 Sara  Alonso  Domínguez,1,4978527602,.sara..alonso..domínguez0056@udea.edu.co,Sede Norte
 Tomás  Gutiérrez  García,1,2054036260,.tomás..gutiérrez..garcía0057@udea.edu.co,Ciudad Universitaria
 Matías  Moya  Herrera,1,2977070116,.matías..moya..herrera0058@udea.edu.co,Seccional Suroeste
 Juliana  Medina  Ochoa,1,2322141077,.juliana..medina..ochoa0059@udea.edu.co,Seccional Magdalena Medio
 Natalia  Ramos  Ramírez,1,0212682170,.natalia..ramos..ramírez0060@udea.edu.co,Sede Sonsón
 Agustín  Rivas  Vázquez,1,9087361806,.agustín..rivas..vázquez0061@udea.edu.co,Sede Distrito Minero
 Jimena  Vicente  Marín,1,9010659278,.jimena..vicente..marín0062@udea.edu.co,Seccional Occidente
 Leonardo  Esteban  Pastor,1,4496922181,.leonardo..esteban..pastor0063@udea.edu.co,Ciudad Universitaria
 Sebastián  Rodríguez  Gómez,1,1519566259,.sebastián..rodríguez..gómez0064@udea.edu.co,Seccional Urabá
 Francisco  Muñoz  León,1,2285718368,.francisco..muñoz..león0065@udea.edu.co,Sede Nordeste
 Valentina  Ortega  González,1,3458545351,.valentina..ortega..gonzález0066@udea.edu.co,Seccional Occidente
 Diego  Muñoz  Molina,1,1445838954,.diego..muñoz..molina0067@udea.edu.co,Seccional Oriente
 Lucas  Pérez  Iglesias,1,4597999307,.lucas..pérez..iglesias0068@udea.edu.co,Sede Distrito Minero
 Isabella  Hidalgo  Gallego,1,7876622369,.isabella..hidalgo..gallego0069@udea.edu.co,Sede Norte
 Laura  Cabello  Molina,1,5121301826,.laura..cabello..molina0070@udea.edu.co,Seccional Suroeste
 Valeria  Reyes  Hidalgo,1,9609844284,.valeria..reyes..hidalgo0071@udea.edu.co,Seccional Urabá
 Alejandro  Romero  Carretero,1,2889589945,.alejandro..romero..carretero0072@udea.edu.co,Sede Norte
 Diego  Marín  Arias,1,9317274548,.diego..marín..arias0073@udea.edu.co,Seccional Occidente
 Isabel  Varela  Molina,1,2760033226,.isabel..varela..molina0074@udea.edu.co,Sede Distrito Minero
 Alejandra  Ríos  León,1,9257332776,.alejandra..ríos..león0075@udea.edu.co,Sede Nordeste
 Isabella  Ortega  Ortega,1,7848876061,.isabella..ortega..ortega0076@udea.edu.co,Seccional Occidente
 Catalina  Rubio  Vicente,1,1778996869,.catalina..rubio..vicente0077@udea.edu.co,Sede Sonsón
 Paula  Rivas  Vega,1,5567185947,.paula..rivas..vega0078@udea.edu.co,Sede Nordeste
 Antonia  Soto  Ramos,1,9871077875,.antonia..soto..ramos0079@udea.edu.co,Ciudad Universitaria
 Eduardo  Ríos  Medina,1,1563345335,.eduardo..ríos..medina0080@udea.edu.co,Sede Nordeste
 Catalina  Sánchez  Marín,1,2029311975,.catalina..sánchez..marín0081@udea.edu.co,Seccional Urabá
 Lucas  Rodríguez  Cabrera,1,4326037713,.lucas..rodríguez..cabrera0082@udea.edu.co,Seccional Oriente
 María José  Oliva  Navarro,1,8156782362,.maría.josé..oliva..navarro0083@udea.edu.co,Seccional Suroeste
 Samuel  Gómez ﻿Apellidos,1,1195166027,.samuel..gómez.﻿apellidos0084@udea.edu.co,Seccional Oriente
 Tomás  Oliva  Llorente,1,3604152661,.tomás..oliva..llorente0085@udea.edu.co,Sede Sonsón
 Catalina  Ruiz  Peralta,1,0100683163,.catalina..ruiz..peralta0086@udea.edu.co,Sede Norte
 Laura  Marín  Linares,1,8829742655,.laura..marín..linares0087@udea.edu.co,Seccional Bajo Cauca
﻿Nombre  Luque  Cabrera,1,2181974719,﻿nombre..luque..cabrera0088@udea.edu.co,Seccional Oriente
 Adriana  Serrano  Ramírez,1,8117693993,.adriana..serrano..ramírez0089@udea.edu.co,Seccional Urabá
 Daniela  Rubio  Ferrer,1,9195441380,.daniela..rubio..ferrer0090@udea.edu.co,Sede Nordeste
 Mauricio  Cervantes  Mesa,1,9165817369,.mauricio..cervantes..mesa0091@udea.edu.co,Sede Distrito Minero
 David  Vega  Ramírez,1,6489589741,.david..vega..ramírez0092@udea.edu.co,Sede Norte
 Miguel  Nieto  Ramos,1,4974698008,.miguel..nieto..ramos0093@udea.edu.co,Seccional Suroeste
 Sebastián  Robles  Gil,1,3983463750,.sebastián..robles..gil0094@udea.edu.co,Seccional Urabá
 Pablo  Correa  Garrido,1,1936336891,.pablo..correa..garrido0095@udea.edu.co,Ciudad Universitaria
 Manuel  Serrano  García,1,8824208774,.manuel..serrano..garcía0096@udea.edu.co,Seccional Suroeste
 Emilio  Gil  Cortés,1,8327604349,.emilio..gil..cortés0097@udea.edu.co,Sede Norte
 Natalia  Santana  Herrera,1,2741171337,.natalia..santana..herrera0098@udea.edu.co,Sede Sonsón
 Gabriela  Suárez  Soto,1,6080237259,.gabriela..suárez..soto0099@udea.edu.co,Seccional Magdalena Medio
 Mariana  Cervantes  Carretero,1,7884490393,.mariana..cervantes..carretero0100@udea.edu.co,Sede Distrito Minero
 Jimena  Herrero  Soler,1,8655230256,.jimena..herrero..soler0101@udea.edu.co,Sede Norte
 Antonella  Molina  Hidalgo,1,6310768887,.antonella..molina..hidalgo0102@udea.edu.co,Sede Nordeste
 Daniela ﻿Apellidos  Luque,1,3995879731,.daniela.﻿apellidos..luque0103@udea.edu.co,Seccional Urabá
 Marcela  Cervantes  Fernández,1,8037796130,.marcela..cervantes..fernández0104@udea.edu.co,Ciudad Universitaria
 Camila  Molina  Álvarez,1,7782556497,.camila..molina..álvarez0105@udea.edu.co,Sede Sonsón
 Lucía  Gil  Carretero,1,5494511138,.lucía..gil..carretero0106@udea.edu.co,Sede Nordeste
 Mateo  Cervantes  Vicente,1,0536816138,.mateo..cervantes..vicente0107@udea.edu.co,Sede Norte
 Samantha  Díaz  Alonso,1,8938047391,.samantha..díaz..alonso0108@udea.edu.co,Seccional Oriente
 Daniela  Moya  Serrano,1,0437294957,.daniela..moya..serrano0109@udea.edu.co,Seccional Bajo Cauca
 Francisco  Fernández  Sánchez,1,7994203552,.francisco..fernández..sánchez0110@udea.edu.co,Sede Nordeste
 Valentina  Rivas  Esteban,1,8896814069,.valentina..rivas..esteban0111@udea.edu.co,Seccional Suroeste
 Antonella  Iglesias  Moya,1,1153276350,.antonella..iglesias..moya0112@udea.edu.co,Ciudad Universitaria
 Marcela  Ramos ﻿Apellidos,1,8999650408,.marcela..ramos.﻿apellidos0113@udea.edu.co,Sede Norte
 Simón  Cabrera  Peralta,1,6179280863,.simón..cabrera..peralta0114@udea.edu.co,Sede Nordeste
 Sofía  Ochoa  Blanco,1,8435164408,.sofía..ochoa..blanco0115@udea.edu.co,Ciudad Universitaria
 Santiago  Álvarez  Moya,1,0754990341,.santiago..álvarez..moya0116@udea.edu.co,Sede Sonsón
 Valentina  Cabello  Cervantes,1,9350986107,.valentina..cabello..cervantes0117@udea.edu.co,Ciudad Universitaria
 Valentina  Benítez  Rodríguez,1,1676795834,.valentina..benítez..rodríguez0118@udea.edu.co,Seccional Oriente
 Felipe  Lucas  Peralta,1,0810835398,.felipe..lucas..peralta0119@udea.edu.co,Ciudad Universitaria
 Valeria  Herrera  Cordero,1,4967529576,.valeria..herrera..cordero0120@udea.edu.co,Seccional Magdalena Medio
 Manuel  Rubio  Calvo,1,5494188502,.manuel..rubio..calvo0121@udea.edu.co,Seccional Magdalena Medio
 Tomás  Cruz  Calvo,1,6915567152,.tomás..cruz..calvo0122@udea.edu.co,Seccional Suroeste
 Valentina  Vidal  Reyes,1,4445379423,.valentina..vidal..reyes0123@udea.edu.co,Seccional Suroeste
 Clara  Herrero  González,1,7889455130,.clara..herrero..gonzález0124@udea.edu.co,Seccional Magdalena Medio
 Christian  Ochoa  Mesa,1,8219364687,.christian..ochoa..mesa0125@udea.edu.co,Seccional Magdalena Medio
 Felipe  Vázquez  Santana,1,8909892252,.felipe..vázquez..santana0126@udea.edu.co,Ciudad Universitaria
 Daniela  Moya  Abad,1,7097239997,.daniela..moya..abad0127@udea.edu.co,Seccional Oriente
 Mauricio  Prieto  Lucas,1,3590739142,.mauricio..prieto..lucas0128@udea.edu.co,Seccional Occidente
 Diego  Oliva  García,1,7547222012,.diego..oliva..garcía0129@udea.edu.co,Seccional Urabá
 Andrés  Navarro  Robles,1,5843570000,.andrés..navarro..robles0130@udea.edu.co,Sede Nordeste
 David  Ochoa  Cabello,1,0800127417,.david..ochoa..cabello0131@udea.edu.co,Sede Sonsón
 Catalina  Varela  Vidal,1,7466008619,.catalina..varela..vidal0132@udea.edu.co,Seccional Bajo Cauca
 Esteban  Soler  Iglesias,1,5765206842,.esteban..soler..iglesias0133@udea.edu.co,Seccional Bajo Cauca
 Andrés  Luque  Ortega,1,0978236005,.andrés..luque..ortega0134@udea.edu.co,Sede Sonsón
 Andrea  Cabrera  Ochoa,1,6465235613,.andrea..cabrera..ochoa0135@udea.edu.co,Seccional Oriente
 Elizabeth  Cabrera  Torres,1,9313284093,.elizabeth..cabrera..torres0136@udea.edu.co,Ciudad Universitaria
 Juan Pablo  Ramos  Cabello,1,3823036204,.juan.pablo..ramos..cabello0137@udea.edu.co,Sede Distrito Minero
 Antonia  Santana  Linares,1,7119584239,.antonia..santana..linares0138@udea.edu.co,Seccional Bajo Cauca
 Leonardo  Cabrera  Vidal,1,7048052234,.leonardo..cabrera..vidal0139@udea.edu.co,Sede Nordeste
 Samuel  Pastor  Castro,2,3315740762,.samuel..pastor..castro0140@udea.edu.co,Seccional Suroeste
 Valentina  Bravo  Serrano,2,0476653853,.valentina..bravo..serrano0141@udea.edu.co,Seccional Suroeste
 Alejandra  Cordero  Aguilar,2,9365251886,.alejandra..cordero..aguilar0142@udea.edu.co,Sede Sonsón
 Elena  Oliva  Rubio,2,5477920023,.elena..oliva..rubio0143@udea.edu.co,Seccional Bajo Cauca
 Sofía  Ruiz  Suárez,2,2251404283,.sofía..ruiz..suárez0144@udea.edu.co,Seccional Bajo Cauca
 Mariana  Vázquez  Llorente,2,0759851009,.mariana..vázquez..llorente0145@udea.edu.co,Seccional Urabá
 Tomás  Suárez  Blanco,2,0388566748,.tomás..suárez..blanco0146@udea.edu.co,Seccional Oriente
 Sara  Ramírez  Cabrera,2,8499367210,.sara..ramírez..cabrera0147@udea.edu.co,Ciudad Universitaria
 Emma  Molina  Bravo,2,4070195307,.emma..molina..bravo0148@udea.edu.co,Sede Distrito Minero
 Daniela  Robles  Molina,2,0762516555,.daniela..robles..molina0149@udea.edu.co,Seccional Bajo Cauca
 Natalia  Robles  Pérez,2,3608868861,.natalia..robles..pérez0150@udea.edu.co,Seccional Urabá
 Laura  Carretero  Ferrer,2,7659770854,.laura..carretero..ferrer0151@udea.edu.co,Sede Sonsón
 Alexander  Amaya  Blanco,2,8637335981,.alexander..amaya..blanco0152@udea.edu.co,Seccional Occidente
 Diego  Fernández  Molina,2,6662453847,.diego..fernández..molina0153@udea.edu.co,Seccional Oriente
 Mateo  Santana  Bravo,2,7283854564,.mateo..santana..bravo0154@udea.edu.co,Sede Norte
 Felipe  Muñoz  Vidal,2,8993663860,.felipe..muñoz..vidal0155@udea.edu.co,Seccional Bajo Cauca
 Emily  Suárez  Rivas,2,3831134721,.emily..suárez..rivas0156@udea.edu.co,Seccional Oriente
 Isabella ﻿Apellidos  Vega,2,2456011128,.isabella.﻿apellidos..vega0157@udea.edu.co,Sede Sonsón
 Andrés  Cabrera  Esteban,2,4412836661,.andrés..cabrera..esteban0158@udea.edu.co,Sede Sonsón
 Mauricio  Robles  Suárez,2,8248882610,.mauricio..robles..suárez0159@udea.edu.co,Seccional Suroeste
 Mateo  Suárez  Gil,2,0942656409,.mateo..suárez..gil0160@udea.edu.co,Sede Nordeste
 Laura  Luque  Linares,2,0408949139,.laura..luque..linares0161@udea.edu.co,Sede Nordeste
 Catalina  Torres  Pascual,2,3476076180,.catalina..torres..pascual0162@udea.edu.co,Seccional Urabá
 Agustín  Llorente  Ríos,2,6446924188,.agustín..llorente..ríos0163@udea.edu.co,Seccional Magdalena Medio
 Javier  Moya  Herrero,2,2411123954,.javier..moya..herrero0164@udea.edu.co,Seccional Bajo Cauca
 Emilio  Medina  Cordero,2,0602073665,.emilio..medina..cordero0165@udea.edu.co,Seccional Magdalena Medio
 Felipe  Alonso  Medina,2,8479983671,.felipe..alonso..medina0166@udea.edu.co,Sede Nordeste
 Valentina  Suárez  Cordero,2,6419678817,.valentina..suárez..cordero0167@udea.edu.co,Sede Sonsón
 Tomás  Suárez  Garrido,2,2329736228,.tomás..suárez..garrido0168@udea.edu.co,Seccional Oriente
 Eduardo  Ferrer  Casado,2,4933128877,.eduardo..ferrer..casado0169@udea.edu.co,Sede Distrito Minero
 Valeria  Pérez  Vega,2,0798987148,.valeria..pérez..vega0170@udea.edu.co,Seccional Magdalena Medio
 Camila  Bravo  Pastor,2,6631216386,.camila..bravo..pastor0171@udea.edu.co,Seccional Suroeste
 Juan  Vázquez  Rodríguez,2,5283105852,.juan..vázquez..rodríguez0172@udea.edu.co,Ciudad Universitaria
 Gabriel  González  Ramos,2,7252670427,.gabriel..gonzález..ramos0173@udea.edu.co,Seccional Bajo Cauca
 Simón  Miranda  Aguilar,2,9473905246,.simón..miranda..aguilar0174@udea.edu.co,Seccional Suroeste
 Andrés  Ruiz  García,2,9102427039,.andrés..ruiz..garcía0175@udea.edu.co,Seccional Oriente
 Sofia  Rubio  Benítez,2,1429486071,.sofia..rubio..benítez0176@udea.edu.co,Sede Sonsón
 Carolina  Robles  Molina,2,4770144103,.carolina..robles..molina0177@udea.edu.co,Seccional Urabá
 Valentina  Guerra  Varela,2,5278310790,.valentina..guerra..varela0178@udea.edu.co,Sede Distrito Minero
 Paula  López  Prieto,2,3024380481,.paula..lópez..prieto0179@udea.edu.co,Sede Norte
 Samantha  López  Mesa,2,3930928207,.samantha..lópez..mesa0180@udea.edu.co,Seccional Oriente
 Simón  Serrano  Guerrero,2,1629284713,.simón..serrano..guerrero0181@udea.edu.co,Seccional Oriente
 Jennifer  Nieto  Bravo,2,0778236426,.jennifer..nieto..bravo0182@udea.edu.co,Seccional Occidente
 Javier  Domínguez  Cabrera,2,7735293115,.javier..domínguez..cabrera0183@udea.edu.co,Ciudad Universitaria
 Emma  Romero  Calvo,2,5103433673,.emma..romero..calvo0184@udea.edu.co,Ciudad Universitaria
 Christian  Cabello  Varela,2,3241525051,.christian..cabello..varela0185@udea.edu.co,Sede Norte
 Esteban  Gil  Garrido,2,3068091065,.esteban..gil..garrido0186@udea.edu.co,Sede Nordeste
 Andrés  Rodríguez  Iglesias,2,7800630175,.andrés..rodríguez..iglesias0187@udea.edu.co,Seccional Suroeste
 Juan David  Pérez  Guerrero,2,1708399650,.juan.david..pérez..guerrero0188@udea.edu.co,Seccional Magdalena Medio
 Javier  Pascual  Molina,2,0368144497,.javier..pascual..molina0189@udea.edu.co,Sede Nordeste
 Lucas  Garrido  Calvo,2,1597427356,.lucas..garrido..calvo0190@udea.edu.co,Seccional Occidente
 Sebastián  Martínez  Soler,2,4569821968,.sebastián..martínez..soler0191@udea.edu.co,Seccional Magdalena Medio
 Camila  Rivas ﻿Apellidos,2,0288549825,.camila..rivas.﻿apellidos0192@udea.edu.co,Sede Sonsón
 Catalina  Cervantes  Ortiz,2,9676016247,.catalina..cervantes..ortiz0193@udea.edu.co,Seccional Urabá
 Isabella  González  Medina,2,8672321101,.isabella..gonzález..medina0194@udea.edu.co,Sede Distrito Minero
 Christian  Cordero  Ortega,2,6849274133,.christian..cordero..ortega0195@udea.edu.co,Seccional Oriente
 Mateo  Linares  Serrano,2,0162409837,.mateo..linares..serrano0196@udea.edu.co,Seccional Oriente
 Marcela  Amaya  Soler,2,0783350701,.marcela..amaya..soler0197@udea.edu.co,Seccional Occidente
 Andrea  Pascual  Ortega,2,2472333858,.andrea..pascual..ortega0198@udea.edu.co,Sede Distrito Minero
 Tomás  Cordero  Ortega,2,0433989205,.tomás..cordero..ortega0199@udea.edu.co,Sede Distrito Minero
 Paula  Reyes  Castro,2,3823350539,.paula..reyes..castro0200@udea.edu.co,Seccional Urabá
 Carlos  Mesa  Vega,2,3432152246,.carlos..mesa..vega0201@udea.edu.co,Sede Sonsón
 Camila  Prieto ﻿Apellidos,2,6408979937,.camila..prieto.﻿apellidos0202@udea.edu.co,Sede Norte
 Lucas  González  Mesa,2,3141017483,.lucas..gonzález..mesa0203@udea.edu.co,Seccional Occidente
 Victoria  Luque  Cortés,2,3093772575,.victoria..luque..cortés0204@udea.edu.co,Seccional Magdalena Medio
 Daniela  Mesa  Delgado,2,6266916013,.daniela..mesa..delgado0205@udea.edu.co,Seccional Occidente
 Benjamín  Cruz  Linares,2,3962806076,.benjamín..cruz..linares0206@udea.edu.co,Seccional Suroeste
 Catalina  Herrera  Cruz,2,1793514984,.catalina..herrera..cruz0207@udea.edu.co,Seccional Occidente
 Alexander  Alonso  Cortés,2,6414810848,.alexander..alonso..cortés0208@udea.edu.co,Seccional Suroeste
 Elizabeth  Gutiérrez  Martínez,2,6186525732,.elizabeth..gutiérrez..martínez0209@udea.edu.co,Sede Sonsón
 Andrés  Suárez  Reyes,2,7599519059,.andrés..suárez..reyes0210@udea.edu.co,Sede Nordeste
 Marcela  Herrera  Gil,2,5694152298,.marcela..herrera..gil0211@udea.edu.co,Sede Norte
 Tomás  Medina  Blanco,2,1367405851,.tomás..medina..blanco0212@udea.edu.co,Seccional Suroeste
 Sebastián  Álvarez  Cervantes,2,6143889700,.sebastián..álvarez..cervantes0213@udea.edu.co,Sede Nordeste
 Mateo  Luque  Molina,2,3249667228,.mateo..luque..molina0214@udea.edu.co,Seccional Urabá
 Sebastián  González  Lucas,2,4054949104,.sebastián..gonzález..lucas0215@udea.edu.co,Ciudad Universitaria
 Sebastián  Robles  Rivas,2,1159472212,.sebastián..robles..rivas0216@udea.edu.co,Sede Norte
 Ricardo  Iglesias  Peralta,2,7853048355,.ricardo..iglesias..peralta0217@udea.edu.co,Seccional Bajo Cauca
 Simón  Casado  García,2,1149614139,.simón..casado..garcía0218@udea.edu.co,Seccional Oriente
 Tomás  Cordero  Santana,2,9290450063,.tomás..cordero..santana0219@udea.edu.co,Sede Distrito Minero
 Valentina  Carretero  León,2,7748561303,.valentina..carretero..león0220@udea.edu.co,Ciudad Universitaria
 Mateo  Correa  Ramos,2,2314948258,.mateo..correa..ramos0221@udea.edu.co,Seccional Occidente
 Leonardo  Martínez  Cruz,2,9692492707,.leonardo..martínez..cruz0222@udea.edu.co,Seccional Suroeste
 Valeria  Iglesias  Pastor,2,7052198043,.valeria..iglesias..pastor0223@udea.edu.co,Sede Distrito Minero
 Mariana  Llorente  Pascual,2,3769279804,.mariana..llorente..pascual0224@udea.edu.co,Sede Nordeste
 Valeria  Suárez  Herrera,2,6395738770,.valeria..suárez..herrera0225@udea.edu.co,Sede Norte
 Lucía  Hidalgo  Gil,2,0483426539,.lucía..hidalgo..gil0226@udea.edu.co,Sede Norte
 Alexander  Guerra  Serrano,2,1380727013,.alexander..guerra..serrano0227@udea.edu.co,Sede Distrito Minero
 Antonia  García  Ruiz,2,8780089138,.antonia..garcía..ruiz0228@udea.edu.co,Sede Nordeste
 Andrea  Ortega  López,2,4716758887,.andrea..ortega..lópez0229@udea.edu.co,Seccional Oriente
 Victoria  Álvarez  Medina,2,2567045486,.victoria..álvarez..medina0230@udea.edu.co,Seccional Magdalena Medio
 Fernanda  Iglesias  Cabrera,2,6061628495,.fernanda..iglesias..cabrera0231@udea.edu.co,Sede Norte
 Paula  Medina  Ríos,2,8082814321,.paula..medina..ríos0232@udea.edu.co,Sede Norte
 Gabriela  Moreno  Prieto,2,4145413717,.gabriela..moreno..prieto0233@udea.edu.co,Seccional Oriente
 Emma  Ortega  González,2,7028405499,.emma..ortega..gonzález0234@udea.edu.co,Sede Sonsón
 Juan David  Vicente  Esteban,2,1203658016,.juan.david..vicente..esteban0235@udea.edu.co,Sede Sonsón
 Lucas  Ferrer  Herrero,2,4116297160,.lucas..ferrer..herrero0236@udea.edu.co,Sede Distrito Minero
 Sebastián  Cruz  Guerrero,2,6499477777,.sebastián..cruz..guerrero0237@udea.edu.co,Seccional Urabá
 Cristóbal  Romero  Linares,2,6819227586,.cristóbal..romero..linares0238@udea.edu.co,Sede Distrito Minero
 Javier  Herrera  Cabrera,2,8105248816,.javier..herrera..cabrera0239@udea.edu.co,Seccional Occidente
 Mariana  Varela  Ramos,2,4709302314,.mariana..varela..ramos0240@udea.edu.co,Sede Norte
 Juan David  Miranda  Alonso,2,7352869177,.juan.david..miranda..alonso0241@udea.edu.co,Sede Nordeste
 Lucía  Carretero  Correa,2,9973485173,.lucía..carretero..correa0242@udea.edu.co,Sede Distrito Minero
 Elizabeth  Rubio  Abad,2,2750553118,.elizabeth..rubio..abad0243@udea.edu.co,Seccional Magdalena Medio
 Gabriel  Cabrera  Vidal,2,6646431470,.gabriel..cabrera..vidal0244@udea.edu.co,Sede Distrito Minero
 Camila  Ochoa  Suárez,2,2015684065,.camila..ochoa..suárez0245@udea.edu.co,Seccional Suroeste
 Tomás  Prieto  Linares,2,9956841527,.tomás..prieto..linares0246@udea.edu.co,Seccional Oriente
 Victoria  Molina  Ortega,2,1576781393,.victoria..molina..ortega0247@udea.edu.co,Seccional Urabá
 Natalia  León  Guerrero,2,3842753029,.natalia..león..guerrero0248@udea.edu.co,Sede Norte
 Juliana  Garrido  Ramos,2,7882614647,.juliana..garrido..ramos0249@udea.edu.co,Sede Distrito Minero
 Sara  Marín  Cervantes,2,7767746475,.sara..marín..cervantes0250@udea.edu.co,Seccional Occidente
 Valentina  Garrido  Ortega,2,2828926616,.valentina..garrido..ortega0251@udea.edu.co,Sede Norte
 Laura  Gil  Fernández,2,6624057032,.laura..gil..fernández0252@udea.edu.co,Ciudad Universitaria
 Diego  Gómez  Delgado,2,1914636197,.diego..gómez..delgado0253@udea.edu.co,Sede Distrito Minero
 Valeria  Molina  Aguilar,2,0837648238,.valeria..molina..aguilar0254@udea.edu.co,Seccional Urabá
 Fernanda  González  Miranda,2,6495084309,.fernanda..gonzález..miranda0255@udea.edu.co,Sede Distrito Minero
 Clara  Ríos  Ortega,2,8024672229,.clara..ríos..ortega0256@udea.edu.co,Seccional Urabá
 Sara  Ortiz  Martínez,2,7719643128,.sara..ortiz..martínez0257@udea.edu.co,Sede Norte
 Javier  Arias  Herrera,2,8637236652,.javier..arias..herrera0258@udea.edu.co,Seccional Suroeste
 Tomás  Rivas  Soler,2,5518682432,.tomás..rivas..soler0259@udea.edu.co,Seccional Urabá
 Martín  Hidalgo  Iglesias,2,1089623720,.martín..hidalgo..iglesias0260@udea.edu.co,Seccional Magdalena Medio
 Daniela  Gómez  Abad,2,7734526333,.daniela..gómez..abad0261@udea.edu.co,Seccional Magdalena Medio
 Elena  Carmona  Bravo,2,3704132289,.elena..carmona..bravo0262@udea.edu.co,Seccional Urabá
 Lucía  Medina  Gómez,2,8845420998,.lucía..medina..gómez0263@udea.edu.co,Seccional Magdalena Medio
 Lucas  Lucas  Reyes,2,5417887397,.lucas..lucas..reyes0264@udea.edu.co,Sede Norte
 Sara  Ramos  Gómez,2,9654216182,.sara..ramos..gómez0265@udea.edu.co,Sede Sonsón
﻿Nombre  Santana  Cabello,2,7417086494,﻿nombre..santana..cabello0266@udea.edu.co,Seccional Occidente
 Pablo  Carmona  Soto,2,9157835168,.pablo..carmona..soto0267@udea.edu.co,Seccional Suroeste
 Tomás  Llorente  Delgado,2,2953947160,.tomás..llorente..delgado0268@udea.edu.co,Sede Sonsón
 Lucas  Robles  Herrero,2,6020012664,.lucas..robles..herrero0269@udea.edu.co,Seccional Magdalena Medio
 Manuel  Suárez  Cervantes,3,9199674350,.manuel..suárez..cervantes0270@udea.edu.co,Seccional Occidente
 Francisco  Domínguez  Vidal,3,7711400206,.francisco..domínguez..vidal0271@udea.edu.co,Seccional Urabá
 Paula ﻿Apellidos  Ortega,3,4208544071,.paula.﻿apellidos..ortega0272@udea.edu.co,Sede Sonsón
 Felipe  Martínez  Ortiz,3,3006841960,.felipe..martínez..ortiz0273@udea.edu.co,Seccional Bajo Cauca
 Daniela  Nieto  Ortiz,3,6008145513,.daniela..nieto..ortiz0274@udea.edu.co,Seccional Urabá
 Cristóbal  Bravo  Morales,3,0568610463,.cristóbal..bravo..morales0275@udea.edu.co,Seccional Suroeste
 Samantha  Ramos  Iglesias,3,3283538358,.samantha..ramos..iglesias0276@udea.edu.co,Sede Norte
 Isabella  Soler  Carretero,3,4334670589,.isabella..soler..carretero0277@udea.edu.co,Sede Nordeste
 Valeria  Nieto  Muñoz,3,8666917779,.valeria..nieto..muñoz0278@udea.edu.co,Seccional Oriente
 Alejandro  Rivas  Hidalgo,3,8388827311,.alejandro..rivas..hidalgo0279@udea.edu.co,Sede Norte
 Antonella  Cabello  Ortega,3,0665612083,.antonella..cabello..ortega0280@udea.edu.co,Seccional Suroeste
 Cristóbal  Prieto  Ortega,3,3201167740,.cristóbal..prieto..ortega0281@udea.edu.co,Sede Nordeste
 Daniela  Rubio  Guerrero,3,1588899690,.daniela..rubio..guerrero0282@udea.edu.co,Sede Sonsón
 Ricardo  Linares  Guerrero,3,1522430209,.ricardo..linares..guerrero0283@udea.edu.co,Sede Distrito Minero
 Valentina  Cordero  Gutiérrez,3,4943421703,.valentina..cordero..gutiérrez0284@udea.edu.co,Seccional Urabá
 Sofia  Cabrera  Martínez,3,0726585231,.sofia..cabrera..martínez0285@udea.edu.co,Sede Sonsón
 Tomás  Sánchez  Abad,3,1889281183,.tomás..sánchez..abad0286@udea.edu.co,Seccional Bajo Cauca
 Cristóbal  Pastor  Vicente,3,4819082166,.cristóbal..pastor..vicente0287@udea.edu.co,Sede Sonsón
 Gabriela  Oliva  Suárez,3,1717815373,.gabriela..oliva..suárez0288@udea.edu.co,Seccional Urabá
 Elena  Ramos  Varela,3,8315737629,.elena..ramos..varela0289@udea.edu.co,Sede Norte
 Valentina  Molina  Lucas,3,2499879871,.valentina..molina..lucas0290@udea.edu.co,Ciudad Universitaria
 Benjamín  Oliva  Aguilar,3,6374101705,.benjamín..oliva..aguilar0291@udea.edu.co,Seccional Bajo Cauca
 Andrea  Díaz  Vargas,3,5080689811,.andrea..díaz..vargas0292@udea.edu.co,Sede Nordeste
 Adriana  Ruiz  Alonso,3,9226151867,.adriana..ruiz..alonso0293@udea.edu.co,Seccional Urabá
 Sebastián  Medina  Cabrera,3,5977980574,.sebastián..medina..cabrera0294@udea.edu.co,Sede Norte
 Emilio  Vicente  Suárez,3,3843120332,.emilio..vicente..suárez0295@udea.edu.co,Sede Nordeste
 Sebastián  Vidal  Correa,3,1935890871,.sebastián..vidal..correa0296@udea.edu.co,Seccional Occidente
 José  Ruiz  Morales,3,5215281484,.josé..ruiz..morales0297@udea.edu.co,Seccional Oriente
 Camila  Álvarez  Suárez,3,6337131558,.camila..álvarez..suárez0298@udea.edu.co,Sede Sonsón
 Catalina  Arias  Vicente,3,0130919505,.catalina..arias..vicente0299@udea.edu.co,Sede Norte
 Carolina  Guerrero  Moya,3,2110821058,.carolina..guerrero..moya0300@udea.edu.co,Sede Sonsón
 Alejandro  Moreno  Suárez,3,5931378384,.alejandro..moreno..suárez0301@udea.edu.co,Seccional Urabá
 Alejandro  Gallego  Ortega,3,0187775553,.alejandro..gallego..ortega0302@udea.edu.co,Seccional Magdalena Medio
 Manuel  Vicente  Rubio,3,7693250098,.manuel..vicente..rubio0303@udea.edu.co,Seccional Suroeste
 Isabella  Moreno  Guerrero,3,6903279162,.isabella..moreno..guerrero0304@udea.edu.co,Ciudad Universitaria
 Adriana  Gil  Pérez,3,4383491133,.adriana..gil..pérez0305@udea.edu.co,Seccional Oriente
 Mariana  Navarro  Domínguez,3,8707726665,.mariana..navarro..domínguez0306@udea.edu.co,Sede Norte
 Laura  Álvarez  Gil,3,8454593362,.laura..álvarez..gil0307@udea.edu.co,Seccional Occidente
 Gabriela  Marín  Cabello,3,3033206330,.gabriela..marín..cabello0308@udea.edu.co,Sede Nordeste
 Isabel  Ochoa  Reyes,3,8886872000,.isabel..ochoa..reyes0309@udea.edu.co,Seccional Bajo Cauca
 Daniel  Hidalgo  Molina,3,8630409037,.daniel..hidalgo..molina0310@udea.edu.co,Sede Sonsón
 Christian  Reyes  Romero,3,5322145115,.christian..reyes..romero0311@udea.edu.co,Seccional Oriente
 Mateo  Cabrera  González,3,9588615827,.mateo..cabrera..gonzález0312@udea.edu.co,Sede Norte
 Alejandro  Herrero  Nieto,3,5210173110,.alejandro..herrero..nieto0313@udea.edu.co,Seccional Occidente
 Nicolás  Cabrera  Garrido,3,1805901793,.nicolás..cabrera..garrido0314@udea.edu.co,Seccional Bajo Cauca
 Elizabeth  Pérez  Cervantes,3,7277743646,.elizabeth..pérez..cervantes0315@udea.edu.co,Seccional Bajo Cauca
 Esteban  Ramírez  Medina,3,9676432273,.esteban..ramírez..medina0316@udea.edu.co,Sede Norte
 Antonia  Ortega  Pérez,3,9325880174,.antonia..ortega..pérez0317@udea.edu.co,Seccional Occidente
 Alejandra  Cordero  Rodríguez,3,2230590837,.alejandra..cordero..rodríguez0318@udea.edu.co,Seccional Oriente
 Jimena  García  Martínez,3,3699211360,.jimena..garcía..martínez0319@udea.edu.co,Sede Nordeste
 Emma  Molina  Soto,3,6077195920,.emma..molina..soto0320@udea.edu.co,Seccional Magdalena Medio
 Mateo  Linares  Guerrero,3,2738557024,.mateo..linares..guerrero0321@udea.edu.co,Sede Distrito Minero
 Carolina  Suárez  Ramos,3,7230154037,.carolina..suárez..ramos0322@udea.edu.co,Seccional Bajo Cauca
 Tomás  Aguilar  Oliva,3,1633804775,.tomás..aguilar..oliva0323@udea.edu.co,Seccional Occidente
 Samuel  Torres  Vega,3,1280507841,.samuel..torres..vega0324@udea.edu.co,Seccional Magdalena Medio
 Antonia  Garrido  Alonso,3,3290118981,.antonia..garrido..alonso0325@udea.edu.co,Seccional Bajo Cauca
 Emily  Medina  Pérez,3,0951233010,.emily..medina..pérez0326@udea.edu.co,Seccional Urabá
 Pablo  Sánchez  Molina,3,9014697441,.pablo..sánchez..molina0327@udea.edu.co,Sede Distrito Minero
 Pablo  Torres  Suárez,3,5961390893,.pablo..torres..suárez0328@udea.edu.co,Seccional Suroeste
 Andrés  Cabrera  Vidal,3,5937084103,.andrés..cabrera..vidal0329@udea.edu.co,Seccional Urabá
 Matías ﻿Apellidos  Carmona,3,4738434692,.matías.﻿apellidos..carmona0330@udea.edu.co,Sede Norte
 Juliana  Santana  Gil,3,3605138767,.juliana..santana..gil0331@udea.edu.co,Seccional Suroeste
 Catalina  Herrero  Ferrer,3,0187939747,.catalina..herrero..ferrer0332@udea.edu.co,Sede Nordeste
 Ángel  Iglesias  Vázquez,3,1307853177,.ángel..iglesias..vázquez0333@udea.edu.co,Sede Sonsón
 Natalia  Guerrero  Aguilar,3,6749882085,.natalia..guerrero..aguilar0334@udea.edu.co,Seccional Suroeste
 Jimena  Casado  Vega,3,2653143706,.jimena..casado..vega0335@udea.edu.co,Sede Norte
 Mateo  Bravo  Calvo,3,9464200544,.mateo..bravo..calvo0336@udea.edu.co,Sede Distrito Minero
 Eduardo  Molina  Guerrero,3,7777184807,.eduardo..molina..guerrero0337@udea.edu.co,Sede Distrito Minero
 Sofia  Peralta  Molina,3,6329651993,.sofia..peralta..molina0338@udea.edu.co,Sede Norte
 Catalina  Rubio  Bravo,3,7900124503,.catalina..rubio..bravo0339@udea.edu.co,Seccional Oriente
 Leonardo  Díaz  Moya,3,4850191007,.leonardo..díaz..moya0340@udea.edu.co,Sede Nordeste
 Emilio  Bravo  Pérez,3,3576383714,.emilio..bravo..pérez0341@udea.edu.co,Sede Norte
 Andrés  Álvarez  Pastor,3,7291550355,.andrés..álvarez..pastor0342@udea.edu.co,Sede Nordeste
 Emily  Pascual  Carretero,3,9074872357,.emily..pascual..carretero0343@udea.edu.co,Ciudad Universitaria
 Andrés  Ramos  Cruz,3,1616814482,.andrés..ramos..cruz0344@udea.edu.co,Sede Nordeste
 María  Vidal  Guerrero,3,6408093685,.maría..vidal..guerrero0345@udea.edu.co,Sede Sonsón
 Lucas  Pérez  Cabello,3,4022972797,.lucas..pérez..cabello0346@udea.edu.co,Sede Norte
 Simón  Benítez  Navarro,3,3038198453,.simón..benítez..navarro0347@udea.edu.co,Seccional Occidente
 Mateo  Molina  Vázquez,3,6851451735,.mateo..molina..vázquez0348@udea.edu.co,Seccional Occidente
 Catalina ﻿Apellidos  Ferrer,3,5704916493,.catalina.﻿apellidos..ferrer0349@udea.edu.co,Ciudad Universitaria
 Emma  Romero  Varela,3,6178217141,.emma..romero..varela0350@udea.edu.co,Seccional Suroeste
 Valentina  Aguilar  Guerra,3,3942608073,.valentina..aguilar..guerra0351@udea.edu.co,Sede Norte
 Simón  Ríos  Mesa,3,8485670404,.simón..ríos..mesa0352@udea.edu.co,Sede Sonsón
 Sebastián  Muñoz  Gil,3,5437444353,.sebastián..muñoz..gil0353@udea.edu.co,Seccional Occidente
 Sebastián  Ortiz  Abad,3,7322925738,.sebastián..ortiz..abad0354@udea.edu.co,Sede Distrito Minero
 David  Oliva  Molina,3,7350650841,.david..oliva..molina0355@udea.edu.co,Seccional Oriente
 Camila  Álvarez  Miranda,3,3704350165,.camila..álvarez..miranda0356@udea.edu.co,Sede Norte
 Tomás  Abad  Suárez,3,2957075412,.tomás..abad..suárez0357@udea.edu.co,Seccional Suroeste
 Juan José  Nieto  Castro,3,0769362675,.juan.josé..nieto..castro0358@udea.edu.co,Sede Distrito Minero
 Pablo  García  Cruz,3,0722704647,.pablo..garcía..cruz0359@udea.edu.co,Sede Sonsón
 Elizabeth  Cabello  Santana,3,7591825209,.elizabeth..cabello..santana0360@udea.edu.co,Sede Nordeste
 Mateo  Ramos  Miranda,3,8798328611,.mateo..ramos..miranda0361@udea.edu.co,Ciudad Universitaria
 Simón  Bravo  López,3,2232311114,.simón..bravo..lópez0362@udea.edu.co,Seccional Magdalena Medio
 Juan  Varela  Herrera,3,9582679749,.juan..varela..herrera0363@udea.edu.co,Seccional Bajo Cauca
﻿Nombre  Morales  Marín,3,2644198689,﻿nombre..morales..marín0364@udea.edu.co,Ciudad Universitaria
 Diego  Cabrera  Vega,3,2023397260,.diego..cabrera..vega0365@udea.edu.co,Seccional Bajo Cauca
 Juan David  Cordero  Serrano,3,7956821015,.juan.david..cordero..serrano0366@udea.edu.co,Sede Sonsón
 Gabriel  Peralta  León,3,2134840095,.gabriel..peralta..león0367@udea.edu.co,Seccional Magdalena Medio
 Andrés  Lucas  Herrero,3,5144778860,.andrés..lucas..herrero0368@udea.edu.co,Sede Nordeste
 Jennifer  Molina  Romero,3,5219788441,.jennifer..molina..romero0369@udea.edu.co,Seccional Bajo Cauca
 Simón  Iglesias  Ferrer,3,4985390653,.simón..iglesias..ferrer0370@udea.edu.co,Sede Sonsón
 Lucía  Medina  Bravo,3,4994093828,.lucía..medina..bravo0371@udea.edu.co,Sede Nordeste
 Juan  Soler  Hidalgo,3,9461139417,.juan..soler..hidalgo0372@udea.edu.co,Seccional Occidente
 Andrés  Soler  León,3,5093441008,.andrés..soler..león0373@udea.edu.co,Ciudad Universitaria
 Paula  Cervantes  Aguilar,3,5394795587,.paula..cervantes..aguilar0374@udea.edu.co,Seccional Magdalena Medio
 Esteban  Martínez  Rubio,3,7687519823,.esteban..martínez..rubio0375@udea.edu.co,Ciudad Universitaria
 Juliana  Vargas  Molina,3,3602172975,.juliana..vargas..molina0376@udea.edu.co,Seccional Oriente
 Juan  Gutiérrez  Guerra,3,2109370587,.juan..gutiérrez..guerra0377@udea.edu.co,Seccional Suroeste
 Valentina  Cortés  Cordero,3,3231677749,.valentina..cortés..cordero0378@udea.edu.co,Seccional Urabá
 Agustín  Romero  Ríos,3,0589003441,.agustín..romero..ríos0379@udea.edu.co,Sede Norte
 Paula  Cabrera  López,3,7691115579,.paula..cabrera..lópez0380@udea.edu.co,Sede Norte
 Laura  Serrano  Aguilar,3,6840658845,.laura..serrano..aguilar0381@udea.edu.co,Sede Sonsón
 Emma  Garrido  Llorente,3,8239721407,.emma..garrido..llorente0382@udea.edu.co,Seccional Oriente
 Isabella  León  Oliva,3,9736651583,.isabella..león..oliva0383@udea.edu.co,Seccional Oriente
 Catalina  Gutiérrez  Esteban,3,1607328184,.catalina..gutiérrez..esteban0384@udea.edu.co,Sede Norte
﻿Nombre  Pascual  Suárez,3,4819344613,﻿nombre..pascual..suárez0385@udea.edu.co,Seccional Occidente
 Pablo  Santana  Morales,3,2771191236,.pablo..santana..morales0386@udea.edu.co,Seccional Occidente
 Javier  Oliva  García,3,6588174581,.javier..oliva..garcía0387@udea.edu.co,Seccional Bajo Cauca
 María José  Vargas  Abad,3,5893300510,.maría.josé..vargas..abad0388@udea.edu.co,Seccional Oriente
 Tomás  Guerrero  Aguilar,3,9545523084,.tomás..guerrero..aguilar0389@udea.edu.co,Seccional Bajo Cauca
 Carolina  Prieto  Aguilar,4,0580506224,.carolina..prieto..aguilar0390@udea.edu.co,Seccional Bajo Cauca
 Catalina  Carretero  Cordero,4,4510180186,.catalina..carretero..cordero0391@udea.edu.co,Seccional Occidente
 Daniela  Carretero  Hidalgo,4,5405591130,.daniela..carretero..hidalgo0392@udea.edu.co,Seccional Occidente
 María  Ramírez  Nieto,4,2185001430,.maría..ramírez..nieto0393@udea.edu.co,Seccional Oriente
 Mateo  Ruiz  Soto,4,2090892351,.mateo..ruiz..soto0394@udea.edu.co,Seccional Occidente
 Antonella  Serrano  Molina,4,0096486109,.antonella..serrano..molina0395@udea.edu.co,Seccional Oriente
 Juan José  Vidal  Muñoz,4,5429250394,.juan.josé..vidal..muñoz0396@udea.edu.co,Sede Nordeste
 Samantha  Vicente  Nieto,4,1117673680,.samantha..vicente..nieto0397@udea.edu.co,Sede Sonsón
 Manuel  Llorente  López,4,7876916038,.manuel..llorente..lópez0398@udea.edu.co,Sede Norte
 Esteban  Romero  Ortega,4,3064582335,.esteban..romero..ortega0399@udea.edu.co,Seccional Occidente
 Matías  Iglesias  Navarro,4,3460604020,.matías..iglesias..navarro0400@udea.edu.co,Seccional Magdalena Medio
 Victoria  Oliva  González,4,5325313489,.victoria..oliva..gonzález0401@udea.edu.co,Sede Sonsón
 Nicolás  Calvo  Medina,4,3729067654,.nicolás..calvo..medina0402@udea.edu.co,Ciudad Universitaria
 Pablo  Bravo  Ortega,4,2197896199,.pablo..bravo..ortega0403@udea.edu.co,Sede Norte
 Javier  Vargas  Álvarez,4,0018872238,.javier..vargas..álvarez0404@udea.edu.co,Sede Norte
 Tomás  Ferrer  Marín,4,3214726671,.tomás..ferrer..marín0405@udea.edu.co,Seccional Bajo Cauca
﻿Nombre  Gómez  Romero,4,0755325031,﻿nombre..gómez..romero0406@udea.edu.co,Sede Sonsón
 Daniela  Robles  Prieto,4,7759617996,.daniela..robles..prieto0407@udea.edu.co,Seccional Urabá
 Pablo  Sánchez  Gómez,4,2787210921,.pablo..sánchez..gómez0408@udea.edu.co,Seccional Oriente
 Andrés  Gómez  Lucas,4,4588704931,.andrés..gómez..lucas0409@udea.edu.co,Seccional Occidente
 Elena  Soto  Ortega,4,5923935350,.elena..soto..ortega0410@udea.edu.co,Ciudad Universitaria
 Andrea  Luque  Ramírez,4,7267341125,.andrea..luque..ramírez0411@udea.edu.co,Seccional Bajo Cauca
 Victoria  Aguilar  Luque,4,6002354816,.victoria..aguilar..luque0412@udea.edu.co,Ciudad Universitaria
 Diego  Llorente  Robles,4,5636200971,.diego..llorente..robles0413@udea.edu.co,Seccional Bajo Cauca
 Esteban ﻿Apellidos  Gutiérrez,4,9066149202,.esteban.﻿apellidos..gutiérrez0414@udea.edu.co,Seccional Bajo Cauca
 Javier  Ramos  Pastor,4,9869419020,.javier..ramos..pastor0415@udea.edu.co,Seccional Magdalena Medio
 Natalia  Bravo  Martínez,4,8298050800,.natalia..bravo..martínez0416@udea.edu.co,Seccional Suroeste
 Catalina  Santana  Ramos,4,4606828699,.catalina..santana..ramos0417@udea.edu.co,Seccional Bajo Cauca
 Isabella  Muñoz  Herrero,4,2925473217,.isabella..muñoz..herrero0418@udea.edu.co,Seccional Bajo Cauca
 Benjamín  Ochoa  Luque,4,8383396558,.benjamín..ochoa..luque0419@udea.edu.co,Sede Nordeste
 Matías  Gómez  Cordero,4,5084499560,.matías..gómez..cordero0420@udea.edu.co,Seccional Magdalena Medio
 Juan  Cordero  Prieto,4,4370310301,.juan..cordero..prieto0421@udea.edu.co,Seccional Occidente
 Daniela  Carmona  Ríos,4,7295471119,.daniela..carmona..ríos0422@udea.edu.co,Seccional Oriente
 Simón  Ochoa  Carretero,4,2838468334,.simón..ochoa..carretero0423@udea.edu.co,Sede Nordeste
 Nicolás  Gil  Molina,4,2124138355,.nicolás..gil..molina0424@udea.edu.co,Seccional Oriente
 José  Medina  Calvo,4,4193518473,.josé..medina..calvo0425@udea.edu.co,Seccional Oriente
 Gabriel  Cruz  Medina,4,8056461182,.gabriel..cruz..medina0426@udea.edu.co,Ciudad Universitaria
 Felipe  Cabello  Suárez,4,7676156508,.felipe..cabello..suárez0427@udea.edu.co,Seccional Suroeste
 Andrés  Esteban  Alonso,4,8355343550,.andrés..esteban..alonso0428@udea.edu.co,Sede Distrito Minero
 Elena  Medina  Torres,4,8522622692,.elena..medina..torres0429@udea.edu.co,Ciudad Universitaria
 Lucas  Soto  Sánchez,4,4981164854,.lucas..soto..sánchez0430@udea.edu.co,Sede Sonsón
 Emily  Carretero  Blanco,4,3134019665,.emily..carretero..blanco0431@udea.edu.co,Sede Nordeste
 Carlos  Gil  Ramos,4,2331795291,.carlos..gil..ramos0432@udea.edu.co,Seccional Bajo Cauca
 Cristóbal  Peralta  León,4,9682755900,.cristóbal..peralta..león0433@udea.edu.co,Seccional Occidente
 Tomás  Ramírez  Moya,4,3803798820,.tomás..ramírez..moya0434@udea.edu.co,Seccional Urabá
 Ricardo  López  Arias,4,0202089735,.ricardo..lópez..arias0435@udea.edu.co,Sede Sonsón
 Emma  Delgado  Amaya,4,4878834811,.emma..delgado..amaya0436@udea.edu.co,Seccional Urabá
 Emily  Cervantes  Gil,4,1641306065,.emily..cervantes..gil0437@udea.edu.co,Sede Distrito Minero
 Miguel  Cervantes  Ortega,4,6714109608,.miguel..cervantes..ortega0438@udea.edu.co,Sede Distrito Minero
 Alejandro  Cervantes  Ruiz,4,6576156366,.alejandro..cervantes..ruiz0439@udea.edu.co,Sede Sonsón
 Sofía  Peralta  Benítez,4,1566688337,.sofía..peralta..benítez0440@udea.edu.co,Seccional Occidente
 José  Rubio  Castro,4,8087848697,.josé..rubio..castro0441@udea.edu.co,Seccional Urabá
 Daniela  Ferrer  Castro,4,3161263348,.daniela..ferrer..castro0442@udea.edu.co,Seccional Magdalena Medio
 Clara  Varela  Garrido,4,7451564814,.clara..varela..garrido0443@udea.edu.co,Seccional Occidente
 Valentina  Castro  Alonso,4,3450741034,.valentina..castro..alonso0444@udea.edu.co,Sede Distrito Minero
 José  Reyes  Aguilar,4,5788745328,.josé..reyes..aguilar0445@udea.edu.co,Sede Nordeste
 Nicolás  Molina  León,4,9905567064,.nicolás..molina..león0446@udea.edu.co,Seccional Suroeste
 Lucas  Bravo  Carmona,4,2791093712,.lucas..bravo..carmona0447@udea.edu.co,Sede Sonsón
 David  Linares  Bravo,4,5907076360,.david..linares..bravo0448@udea.edu.co,Sede Sonsón
 Andrés  Romero  Molina,4,2377567603,.andrés..romero..molina0449@udea.edu.co,Ciudad Universitaria
 Juan David  Herrera  Delgado,4,9158247612,.juan.david..herrera..delgado0450@udea.edu.co,Seccional Occidente
 Diego  Peralta  Cabrera,4,0063984150,.diego..peralta..cabrera0451@udea.edu.co,Sede Nordeste
 Nicolás  Herrero  Molina,4,2712122970,.nicolás..herrero..molina0452@udea.edu.co,Seccional Suroeste
 Gabriela  Rivas  Ramírez,4,9464871714,.gabriela..rivas..ramírez0453@udea.edu.co,Sede Norte
 Mateo  Correa  Sánchez,4,5793257406,.mateo..correa..sánchez0454@udea.edu.co,Seccional Urabá
 Jimena  García  Casado,4,7844596524,.jimena..garcía..casado0455@udea.edu.co,Seccional Bajo Cauca
 Camila  Mesa  Robles,4,8077313033,.camila..mesa..robles0456@udea.edu.co,Sede Sonsón
 Matías  Gallego  Gallego,4,3604742609,.matías..gallego..gallego0457@udea.edu.co,Sede Norte
 Gabriela  Fernández  Pérez,4,5142185746,.gabriela..fernández..pérez0458@udea.edu.co,Seccional Oriente
 Carolina  Ferrer  Ramírez,4,0921924997,.carolina..ferrer..ramírez0459@udea.edu.co,Seccional Suroeste
 Tomás  Castro  Rivas,4,7128326448,.tomás..castro..rivas0460@udea.edu.co,Sede Norte
 Benjamín  Mesa ﻿Apellidos,4,1945021212,.benjamín..mesa.﻿apellidos0461@udea.edu.co,Seccional Magdalena Medio
 Andrea  Guerrero  Torres,4,6087463354,.andrea..guerrero..torres0462@udea.edu.co,Seccional Urabá
 Camila  Guerra  Gil,4,3289639662,.camila..guerra..gil0463@udea.edu.co,Sede Norte
 Andrea  Molina  Soto,4,2091563129,.andrea..molina..soto0464@udea.edu.co,Ciudad Universitaria
 Juan José  Soto  Guerrero,4,0557549657,.juan.josé..soto..guerrero0465@udea.edu.co,Seccional Suroeste
 Mauricio  Muñoz  Ortiz,4,6226509317,.mauricio..muñoz..ortiz0466@udea.edu.co,Sede Norte
 Juan David  Rubio  Vázquez,4,8354895049,.juan.david..rubio..vázquez0467@udea.edu.co,Seccional Magdalena Medio
 Antonia  Álvarez  González,4,9299649105,.antonia..álvarez..gonzález0468@udea.edu.co,Seccional Occidente
 Elizabeth  Correa  Gutiérrez,4,8798573639,.elizabeth..correa..gutiérrez0469@udea.edu.co,Ciudad Universitaria
 Jennifer  Calvo  Casado,4,4848505101,.jennifer..calvo..casado0470@udea.edu.co,Sede Distrito Minero
 Lucía  Herrera  Linares,4,9243118615,.lucía..herrera..linares0471@udea.edu.co,Sede Distrito Minero
﻿Nombre  Vidal  Díaz,4,2735786560,﻿nombre..vidal..díaz0472@udea.edu.co,Seccional Oriente
 Daniela  Prieto  Vargas,4,6262301047,.daniela..prieto..vargas0473@udea.edu.co,Sede Norte
 Mauricio  Ruiz  Herrero,4,1872913298,.mauricio..ruiz..herrero0474@udea.edu.co,Seccional Urabá
 Nicolás  Ortega  Calvo,4,2322475501,.nicolás..ortega..calvo0475@udea.edu.co,Seccional Magdalena Medio
 Sebastián  López  Ortiz,4,4930229763,.sebastián..lópez..ortiz0476@udea.edu.co,Sede Sonsón
 Alejandra  Vega  Molina,4,7374760561,.alejandra..vega..molina0477@udea.edu.co,Sede Norte
 Antonia  Delgado  Oliva,4,4459289090,.antonia..delgado..oliva0478@udea.edu.co,Seccional Bajo Cauca
 Daniela  Molina  López,4,6771497706,.daniela..molina..lópez0479@udea.edu.co,Sede Sonsón
 Antonia  Medina  González,4,1146717374,.antonia..medina..gonzález0480@udea.edu.co,Sede Norte
 Andrés  Robles  Moreno,4,5348478855,.andrés..robles..moreno0481@udea.edu.co,Seccional Magdalena Medio
 Juan David  Ortega  Luque,4,4322165358,.juan.david..ortega..luque0482@udea.edu.co,Sede Nordeste
 Valentina  Molina  Santana,4,2878784724,.valentina..molina..santana0483@udea.edu.co,Seccional Oriente
 Ángel  Linares  Lucas,4,8418296548,.ángel..linares..lucas0484@udea.edu.co,Sede Sonsón
 Daniela  Rivas  Álvarez,4,7214325723,.daniela..rivas..álvarez0485@udea.edu.co,Seccional Urabá
 Alejandro  Vázquez  Suárez,4,9364432326,.alejandro..vázquez..suárez0486@udea.edu.co,Sede Distrito Minero
 Isabella  Ruiz  Reyes,4,3743579240,.isabella..ruiz..reyes0487@udea.edu.co,Seccional Urabá
 Mauricio  Carmona  Ramírez,4,8433089219,.mauricio..carmona..ramírez0488@udea.edu.co,Sede Norte
 Santiago  González  Calvo,4,2442047394,.santiago..gonzález..calvo0489@udea.edu.co,Sede Sonsón
 María  Benítez  García,4,7633739735,.maría..benítez..garcía0490@udea.edu.co,Seccional Suroeste
 Carlos  Navarro  González,4,2279204038,.carlos..navarro..gonzález0491@udea.edu.co,Sede Sonsón
 Alejandro  Vidal  González,4,1710808791,.alejandro..vidal..gonzález0492@udea.edu.co,Sede Nordeste
 Daniela  Cabrera  Guerrero,4,8124725822,.daniela..cabrera..guerrero0493@udea.edu.co,Seccional Suroeste
 Matías  Cabello  Morales,4,5640926644,.matías..cabello..morales0494@udea.edu.co,Sede Nordeste
 Daniela  Molina  Llorente,4,8906345270,.daniela..molina..llorente0495@udea.edu.co,Seccional Magdalena Medio
﻿Nombre  González  Guerra,4,4579636253,﻿nombre..gonzález..guerra0496@udea.edu.co,Seccional Urabá
 Eduardo  Reyes  Medina,4,9582076549,.eduardo..reyes..medina0497@udea.edu.co,Ciudad Universitaria
 Cristóbal  Bravo  Martínez,4,1284525495,.cristóbal..bravo..martínez0498@udea.edu.co,Sede Norte
 María  Bravo  Cabrera,4,5539506266,.maría..bravo..cabrera0499@udea.edu.co,Sede Nordeste
 Alexander  Rodríguez  Santana,5,7785040740,.alexander..rodríguez..santana0500@udea.edu.co,Seccional Oriente
 María José  Hidalgo  Ortega,5,4190830563,.maría.josé..hidalgo..ortega0501@udea.edu.co,Seccional Oriente
 Adriana  León  González,5,7869459416,.adriana..león..gonzález0502@udea.edu.co,Seccional Suroeste
 Carlos  Cordero  Álvarez,5,3374150196,.carlos..cordero..álvarez0503@udea.edu.co,Sede Sonsón
 José  Medina  Fernández,5,8991274477,.josé..medina..fernández0504@udea.edu.co,Seccional Occidente
 Matías  Amaya  Vargas,5,2905907116,.matías..amaya..vargas0505@udea.edu.co,Seccional Oriente
 Simón  Cruz  González,5,5924486783,.simón..cruz..gonzález0506@udea.edu.co,Seccional Bajo Cauca
 Juan David  Herrera  Soler,5,9400733185,.juan.david..herrera..soler0507@udea.edu.co,Seccional Suroeste
 Ángel  Ortega  Gallego,5,7114809912,.ángel..ortega..gallego0508@udea.edu.co,Sede Norte
 Mariana  Herrera  Álvarez,5,0009776464,.mariana..herrera..álvarez0509@udea.edu.co,Sede Distrito Minero
 Juliana  Pastor  Mesa,5,0916746787,.juliana..pastor..mesa0510@udea.edu.co,Sede Nordeste
 Diego  Medina  Ramos,5,8229533057,.diego..medina..ramos0511@udea.edu.co,Seccional Urabá
 Mateo  Linares  Castro,5,8860731946,.mateo..linares..castro0512@udea.edu.co,Seccional Bajo Cauca
 Ricardo ﻿Apellidos  Delgado,5,3305779363,.ricardo.﻿apellidos..delgado0513@udea.edu.co,Seccional Oriente
 Sofía  Ortega  Hidalgo,5,4982078994,.sofía..ortega..hidalgo0514@udea.edu.co,Sede Sonsón
 Antonia  Arias  Benítez,5,2250169868,.antonia..arias..benítez0515@udea.edu.co,Seccional Occidente
 Esteban  Varela  Ramírez,5,4665094472,.esteban..varela..ramírez0516@udea.edu.co,Ciudad Universitaria
 Mateo  León  Molina,5,7550320803,.mateo..león..molina0517@udea.edu.co,Seccional Occidente
 Christian  Cervantes  Delgado,5,4005685390,.christian..cervantes..delgado0518@udea.edu.co,Seccional Oriente
 Isabella  Romero  Ochoa,5,0986511443,.isabella..romero..ochoa0519@udea.edu.co,Ciudad Universitaria
 Mariana  Alonso  Díaz,5,2987963726,.mariana..alonso..díaz0520@udea.edu.co,Seccional Urabá
 Elena  Guerrero  Ochoa,5,7488630900,.elena..guerrero..ochoa0521@udea.edu.co,Sede Nordeste
 Agustín  Iglesias  Marín,5,2113291859,.agustín..iglesias..marín0522@udea.edu.co,Seccional Occidente
 Elizabeth  Guerra  Cabrera,5,5241555956,.elizabeth..guerra..cabrera0523@udea.edu.co,Sede Sonsón
 Mateo  Medina  Rivas,5,9248891547,.mateo..medina..rivas0524@udea.edu.co,Sede Distrito Minero
 María José  Pérez  Muñoz,5,1978406100,.maría.josé..pérez..muñoz0525@udea.edu.co,Seccional Oriente
 Victoria  Romero  Luque,5,9153685167,.victoria..romero..luque0526@udea.edu.co,Ciudad Universitaria
 Cristóbal  Gallego  Guerrero,5,5106789023,.cristóbal..gallego..guerrero0527@udea.edu.co,Sede Nordeste
 Daniela  Varela  Ramírez,5,8745846985,.daniela..varela..ramírez0528@udea.edu.co,Sede Sonsón
 Simón  Gutiérrez  Gómez,5,6991012342,.simón..gutiérrez..gómez0529@udea.edu.co,Seccional Suroeste
 Mariana  Vázquez  Ruiz,5,2004660353,.mariana..vázquez..ruiz0530@udea.edu.co,Seccional Oriente
 Martín  Cortés  Cervantes,5,3355079721,.martín..cortés..cervantes0531@udea.edu.co,Seccional Suroeste
 Alexander  Guerrero  Guerrero,5,7674381564,.alexander..guerrero..guerrero0532@udea.edu.co,Seccional Occidente
 Gabriela  Alonso  Molina,5,3695132988,.gabriela..alonso..molina0533@udea.edu.co,Seccional Bajo Cauca
 Andrea  García  Blanco,5,8453566454,.andrea..garcía..blanco0534@udea.edu.co,Seccional Magdalena Medio
 Jennifer  Alonso  Pérez,5,4990037706,.jennifer..alonso..pérez0535@udea.edu.co,Sede Distrito Minero
 Diego  Reyes  Correa,5,9365301314,.diego..reyes..correa0536@udea.edu.co,Seccional Occidente
 Antonia  Ramírez  Guerrero,5,7849945092,.antonia..ramírez..guerrero0537@udea.edu.co,Ciudad Universitaria
 Natalia  Ortiz  Cruz,5,2411848988,.natalia..ortiz..cruz0538@udea.edu.co,Seccional Suroeste
 Manuel  Carmona  López,5,1667203676,.manuel..carmona..lópez0539@udea.edu.co,Sede Sonsón
 Natalia  Lucas  Marín,5,3192149133,.natalia..lucas..marín0540@udea.edu.co,Seccional Magdalena Medio
 Leonardo  Alonso  Prieto,5,6383967259,.leonardo..alonso..prieto0541@udea.edu.co,Sede Norte
 Emily  Domínguez  Molina,5,3731739565,.emily..domínguez..molina0542@udea.edu.co,Seccional Bajo Cauca
 Camila  Blanco  Rivas,5,6067171117,.camila..blanco..rivas0543@udea.edu.co,Seccional Magdalena Medio
 Mateo  Reyes  Iglesias,5,9862038339,.mateo..reyes..iglesias0544@udea.edu.co,Seccional Bajo Cauca
 Andrea  Medina  Cruz,5,7635347202,.andrea..medina..cruz0545@udea.edu.co,Sede Norte
 Lucas  Vega  Miranda,5,0111986124,.lucas..vega..miranda0546@udea.edu.co,Sede Distrito Minero
 Sebastián  Ortega  Navarro,5,5070813692,.sebastián..ortega..navarro0547@udea.edu.co,Seccional Bajo Cauca
 Juan José  Martínez  Molina,5,4890712350,.juan.josé..martínez..molina0548@udea.edu.co,Seccional Suroeste
 Tomás  Santana  Vargas,5,4799097946,.tomás..santana..vargas0549@udea.edu.co,Ciudad Universitaria
 Ángel  Serrano  León,5,0207731871,.ángel..serrano..león0550@udea.edu.co,Seccional Magdalena Medio
 Agustín  Marín  Castro,5,1406712957,.agustín..marín..castro0551@udea.edu.co,Sede Distrito Minero
 Antonia  Esteban  Rubio,5,5856168131,.antonia..esteban..rubio0552@udea.edu.co,Seccional Bajo Cauca
 Simón  Prieto  Reyes,5,6805607218,.simón..prieto..reyes0553@udea.edu.co,Sede Sonsón
 Tomás  Molina  Benítez,5,0828225965,.tomás..molina..benítez0554@udea.edu.co,Seccional Bajo Cauca
 Juan Pablo  Ruiz  Castro,5,0096228781,.juan.pablo..ruiz..castro0555@udea.edu.co,Sede Distrito Minero
 Jennifer  Oliva  Bravo,5,7648439816,.jennifer..oliva..bravo0556@udea.edu.co,Sede Norte
 Pablo  Domínguez  Aguilar,5,6434540180,.pablo..domínguez..aguilar0557@udea.edu.co,Ciudad Universitaria
 Laura  Pérez  Correa,5,6753307521,.laura..pérez..correa0558@udea.edu.co,Ciudad Universitaria
 Daniela  Romero  Torres,5,1720687345,.daniela..romero..torres0559@udea.edu.co,Seccional Suroeste
 Francisco  González  Gallego,5,5034536004,.francisco..gonzález..gallego0560@udea.edu.co,Ciudad Universitaria
 Andrés  Bravo  Vicente,5,6976436856,.andrés..bravo..vicente0561@udea.edu.co,Seccional Occidente
 Carlos  Medina  Sánchez,5,4580845833,.carlos..medina..sánchez0562@udea.edu.co,Ciudad Universitaria
 Natalia  Medina  Ramos,5,8882696789,.natalia..medina..ramos0563@udea.edu.co,Seccional Bajo Cauca
 Mateo  Carretero  Medina,5,4574316047,.mateo..carretero..medina0564@udea.edu.co,Seccional Oriente
 Sofia  Hidalgo  Cruz,5,3926618521,.sofia..hidalgo..cruz0565@udea.edu.co,Sede Nordeste
 Sebastián  Luque  González,5,2146885565,.sebastián..luque..gonzález0566@udea.edu.co,Sede Norte
 Gabriela  Llorente  Nieto,5,6173162906,.gabriela..llorente..nieto0567@udea.edu.co,Seccional Oriente
 Simón  Mesa  Cordero,5,0751782611,.simón..mesa..cordero0568@udea.edu.co,Seccional Occidente
 Adriana  Ortiz  Nieto,5,9436448273,.adriana..ortiz..nieto0569@udea.edu.co,Seccional Bajo Cauca
 Isabella  Ramos  Hidalgo,5,4615468031,.isabella..ramos..hidalgo0570@udea.edu.co,Sede Sonsón
 Catalina  Vega  Ochoa,5,0633005026,.catalina..vega..ochoa0571@udea.edu.co,Sede Distrito Minero
 Mariana  Ramírez  Serrano,5,1709800246,.mariana..ramírez..serrano0572@udea.edu.co,Seccional Magdalena Medio
 Valeria  Rivas  Alonso,5,5322937180,.valeria..rivas..alonso0573@udea.edu.co,Seccional Bajo Cauca
 Juliana  Miranda  Domínguez,5,7081734064,.juliana..miranda..domínguez0574@udea.edu.co,Seccional Urabá
 Sofia  León  Pastor,5,7430779655,.sofia..león..pastor0575@udea.edu.co,Seccional Urabá
 Esteban  Guerrero  Robles,5,2661256265,.esteban..guerrero..robles0576@udea.edu.co,Sede Nordeste
 Juliana  Reyes  Casado,5,5972172138,.juliana..reyes..casado0577@udea.edu.co,Seccional Bajo Cauca
 Andrés  Abad  Correa,5,8535506915,.andrés..abad..correa0578@udea.edu.co,Sede Distrito Minero
 Alexander  Prieto  Vázquez,5,9046447230,.alexander..prieto..vázquez0579@udea.edu.co,Sede Sonsón
 Jennifer  Álvarez  Guerrero,5,7935436266,.jennifer..álvarez..guerrero0580@udea.edu.co,Seccional Suroeste
 David  Vázquez  Carmona,5,4663739403,.david..vázquez..carmona0581@udea.edu.co,Seccional Bajo Cauca
 Clara  Prieto  Ramos,5,4934862788,.clara..prieto..ramos0582@udea.edu.co,Seccional Suroeste
 Carolina  Vicente  Domínguez,5,7203054980,.carolina..vicente..domínguez0583@udea.edu.co,Sede Sonsón
 Gabriela  Benítez  Suárez,5,2833072499,.gabriela..benítez..suárez0584@udea.edu.co,Seccional Oriente
 Daniela  Linares  Reyes,5,3459821593,.daniela..linares..reyes0585@udea.edu.co,Ciudad Universitaria
 Gabriela  Calvo  Muñoz,5,7328571739,.gabriela..calvo..muñoz0586@udea.edu.co,Sede Sonsón
 Natalia  Rodríguez  Molina,5,4329882704,.natalia..rodríguez..molina0587@udea.edu.co,Seccional Urabá
 Mateo  Gil  Reyes,5,7677019487,.mateo..gil..reyes0588@udea.edu.co,Ciudad Universitaria
 Benjamín  Herrera  Llorente,5,6675897060,.benjamín..herrera..llorente0589@udea.edu.co,Seccional Urabá
 Mariana  Blanco  Suárez,5,2024887019,.mariana..blanco..suárez0590@udea.edu.co,Sede Nordeste
 Natalia  Santana  Ramos,5,9562015003,.natalia..santana..ramos0591@udea.edu.co,Sede Nordeste
 Carolina  Torres  Lucas,5,8995265546,.carolina..torres..lucas0592@udea.edu.co,Sede Distrito Minero
 Mariana  Rivas  Blanco,5,5918327531,.mariana..rivas..blanco0593@udea.edu.co,Seccional Bajo Cauca
 Natalia  Prieto  Carmona,5,1489482289,.natalia..prieto..carmona0594@udea.edu.co,Sede Nordeste
 Juan David  Casado  Ortega,5,8457761668,.juan.david..casado..ortega0595@udea.edu.co,Seccional Occidente
 Catalina  Garrido  Bravo,5,8884851820,.catalina..garrido..bravo0596@udea.edu.co,Ciudad Universitaria
 Juan David  Esteban  Delgado,5,4224168120,.juan.david..esteban..delgado0597@udea.edu.co,Seccional Oriente
 Daniela  Molina  Molina,5,0449412617,.daniela..molina..molina0598@udea.edu.co,Sede Norte
 Diego  Cabello  Benítez,5,1384078345,.diego..cabello..benítez0599@udea.edu.co,Ciudad Universitaria
 Sofia  Rubio  Ruiz,6,9388105884,.sofia..rubio..ruiz0600@udea.edu.co,Seccional Occidente
 Samantha  Hidalgo  Abad,6,1813175751,.samantha..hidalgo..abad0601@udea.edu.co,Ciudad Universitaria
 Benjamín  Navarro  Vargas,6,6426893362,.benjamín..navarro..vargas0602@udea.edu.co,Seccional Magdalena Medio
﻿Nombre  Llorente  Vidal,6,4182383686,﻿nombre..llorente..vidal0603@udea.edu.co,Seccional Urabá
 Mateo  Cabrera  Cervantes,6,0722461120,.mateo..cabrera..cervantes0604@udea.edu.co,Seccional Bajo Cauca
 Daniela  Bravo  Luque,6,4811839818,.daniela..bravo..luque0605@udea.edu.co,Seccional Oriente
 Emilio  Fernández  Martínez,6,5715740205,.emilio..fernández..martínez0606@udea.edu.co,Sede Norte
 Mateo  Delgado  Bravo,6,6765084320,.mateo..delgado..bravo0607@udea.edu.co,Seccional Suroeste
 Natalia  Muñoz  Gil,6,1518641920,.natalia..muñoz..gil0608@udea.edu.co,Sede Distrito Minero
 Antonia  Díaz  Ortega,6,1652656466,.antonia..díaz..ortega0609@udea.edu.co,Seccional Bajo Cauca
 Antonia  López  Ramírez,6,7463481446,.antonia..lópez..ramírez0610@udea.edu.co,Ciudad Universitaria
 Juliana  Correa  Garrido,6,6486594913,.juliana..correa..garrido0611@udea.edu.co,Seccional Urabá
 Mateo  Pérez  Varela,6,2030686020,.mateo..pérez..varela0612@udea.edu.co,Seccional Bajo Cauca
 Andrea ﻿Apellidos  Robles,6,3989968396,.andrea.﻿apellidos..robles0613@udea.edu.co,Seccional Urabá
 Valeria  Rubio  Bravo,6,4300133011,.valeria..rubio..bravo0614@udea.edu.co,Seccional Urabá
 Isabel  Benítez  Peralta,6,4914433154,.isabel..benítez..peralta0615@udea.edu.co,Seccional Oriente
 Catalina  Navarro  Domínguez,6,5951496127,.catalina..navarro..domínguez0616@udea.edu.co,Seccional Magdalena Medio
 Gabriela  Vargas  Calvo,6,5414207906,.gabriela..vargas..calvo0617@udea.edu.co,Seccional Suroeste
 Mariana  Gil  Romero,6,4270915189,.mariana..gil..romero0618@udea.edu.co,Seccional Bajo Cauca
 Mariana  Vega  Cordero,6,3282938182,.mariana..vega..cordero0619@udea.edu.co,Seccional Occidente
 Diego  Casado  Cabrera,6,7155155097,.diego..casado..cabrera0620@udea.edu.co,Ciudad Universitaria
 Valentina  Bravo  Cortés,6,8891346046,.valentina..bravo..cortés0621@udea.edu.co,Sede Norte
 Lucas  Ramírez  Prieto,6,0728965963,.lucas..ramírez..prieto0622@udea.edu.co,Seccional Oriente
 Andrés  Martínez  Medina,6,2235401810,.andrés..martínez..medina0623@udea.edu.co,Seccional Suroeste
 Matías  Sánchez  Hidalgo,6,2971308563,.matías..sánchez..hidalgo0624@udea.edu.co,Seccional Magdalena Medio
 Sara  Aguilar  Vázquez,6,3688855843,.sara..aguilar..vázquez0625@udea.edu.co,Sede Distrito Minero
 María José  Benítez  Bravo,6,2603468164,.maría.josé..benítez..bravo0626@udea.edu.co,Sede Nordeste
 Isabella  Aguilar  Ramos,6,2178485094,.isabella..aguilar..ramos0627@udea.edu.co,Sede Nordeste
 Diego  Gil  Torres,6,6574599300,.diego..gil..torres0628@udea.edu.co,Seccional Magdalena Medio
 Sofía  Carmona  Carmona,6,9052932881,.sofía..carmona..carmona0629@udea.edu.co,Seccional Bajo Cauca
 Ana  Casado  Díaz,6,1150808209,.ana..casado..díaz0630@udea.edu.co,Ciudad Universitaria
 Javier  Delgado  Bravo,6,1740005406,.javier..delgado..bravo0631@udea.edu.co,Seccional Suroeste
 María  Hidalgo  Medina,6,9559868142,.maría..hidalgo..medina0632@udea.edu.co,Seccional Bajo Cauca
 Lucas  Romero  Navarro,6,9977462327,.lucas..romero..navarro0633@udea.edu.co,Seccional Occidente
 Miguel  Ramos  Ramos,6,7065207741,.miguel..ramos..ramos0634@udea.edu.co,Sede Nordeste
 Clara  Rivas  Aguilar,6,3213201460,.clara..rivas..aguilar0635@udea.edu.co,Seccional Bajo Cauca
 Juan  Cortés  Cruz,6,4141243597,.juan..cortés..cruz0636@udea.edu.co,Sede Nordeste
 Diego  Cordero  Ríos,6,9900480061,.diego..cordero..ríos0637@udea.edu.co,Seccional Oriente
 Tomás  Cabrera  Amaya,6,5121308107,.tomás..cabrera..amaya0638@udea.edu.co,Sede Norte
 Gabriela  Morales  Cervantes,6,7429517995,.gabriela..morales..cervantes0639@udea.edu.co,Seccional Occidente
 Miguel  Reyes  Ruiz,6,4623055201,.miguel..reyes..ruiz0640@udea.edu.co,Sede Sonsón
 Pablo  Pastor  Cruz,6,2298318848,.pablo..pastor..cruz0641@udea.edu.co,Seccional Suroeste
 David  Medina  Gil,6,2724667762,.david..medina..gil0642@udea.edu.co,Seccional Occidente
 Mauricio  Romero  Rivas,6,0596146122,.mauricio..romero..rivas0643@udea.edu.co,Seccional Oriente
 Valentina  Aguilar  Gómez,6,2932187980,.valentina..aguilar..gómez0644@udea.edu.co,Seccional Occidente
 Valeria  González  Calvo,6,9008341724,.valeria..gonzález..calvo0645@udea.edu.co,Seccional Magdalena Medio
 Martín  Casado  Muñoz,6,0559197246,.martín..casado..muñoz0646@udea.edu.co,Sede Nordeste
 Eduardo  Pascual  Molina,6,3323077885,.eduardo..pascual..molina0647@udea.edu.co,Sede Distrito Minero
 Daniel  Linares  Carretero,6,0061092700,.daniel..linares..carretero0648@udea.edu.co,Seccional Magdalena Medio
 Antonella  Molina  Cordero,6,0414291841,.antonella..molina..cordero0649@udea.edu.co,Sede Distrito Minero
 Camila  García  Esteban,6,8160157272,.camila..garcía..esteban0650@udea.edu.co,Seccional Occidente
 Samantha  López  López,6,5969277163,.samantha..lópez..lópez0651@udea.edu.co,Sede Nordeste
 Eduardo  Calvo  Prieto,6,1661459355,.eduardo..calvo..prieto0652@udea.edu.co,Seccional Suroeste
 Gabriela  Peralta  Iglesias,6,7949424971,.gabriela..peralta..iglesias0653@udea.edu.co,Seccional Occidente
 Antonia  Muñoz  Esteban,6,9090365123,.antonia..muñoz..esteban0654@udea.edu.co,Seccional Oriente
 Valentina  Peralta ﻿Apellidos,6,7361762830,.valentina..peralta.﻿apellidos0655@udea.edu.co,Ciudad Universitaria
 Manuel  Sánchez  Moya,6,4308761012,.manuel..sánchez..moya0656@udea.edu.co,Seccional Urabá
 Laura  Linares  León,6,0455030977,.laura..linares..león0657@udea.edu.co,Seccional Bajo Cauca
 Gabriela  Cruz  Guerra,6,6919115010,.gabriela..cruz..guerra0658@udea.edu.co,Seccional Urabá
 Mateo  Abad  Garrido,6,2785796247,.mateo..abad..garrido0659@udea.edu.co,Sede Norte
 Miguel  Gil  Varela,6,1043576220,.miguel..gil..varela0660@udea.edu.co,Sede Distrito Minero
 Alejandra  Ramírez  Mesa,6,4343946504,.alejandra..ramírez..mesa0661@udea.edu.co,Sede Sonsón
 Jimena  Cabello  Soler,6,3355484071,.jimena..cabello..soler0662@udea.edu.co,Sede Norte
 Valentina  Carmona  Ríos,6,5228578760,.valentina..carmona..ríos0663@udea.edu.co,Seccional Bajo Cauca
 Emily  Reyes  González,6,5104235077,.emily..reyes..gonzález0664@udea.edu.co,Seccional Bajo Cauca
 Andrés  González  Vargas,6,1112525161,.andrés..gonzález..vargas0665@udea.edu.co,Sede Sonsón
﻿Nombre  Vázquez  Soto,6,1724559546,﻿nombre..vázquez..soto0666@udea.edu.co,Seccional Urabá
 Luciana  Suárez  Díaz,6,2717523007,.luciana..suárez..díaz0667@udea.edu.co,Seccional Bajo Cauca
 Luciana  Delgado  Pastor,6,5971680367,.luciana..delgado..pastor0668@udea.edu.co,Sede Sonsón
 Samantha  Llorente  Santana,6,3254642816,.samantha..llorente..santana0669@udea.edu.co,Seccional Occidente
 María  Aguilar  Suárez,6,2617520722,.maría..aguilar..suárez0670@udea.edu.co,Sede Sonsón
 Leonardo  Molina  Luque,6,1155062436,.leonardo..molina..luque0671@udea.edu.co,Seccional Magdalena Medio
 Valentina  Vargas  Herrero,6,6967155783,.valentina..vargas..herrero0672@udea.edu.co,Seccional Oriente
 Sara  Martínez  Miranda,6,5852241302,.sara..martínez..miranda0673@udea.edu.co,Ciudad Universitaria
 Daniela  López  Ferrer,6,1493808024,.daniela..lópez..ferrer0674@udea.edu.co,Sede Sonsón
 Juan David  Vicente  Molina,6,4380083211,.juan.david..vicente..molina0675@udea.edu.co,Sede Norte
 Lucía  Benítez  Miranda,6,1943856205,.lucía..benítez..miranda0676@udea.edu.co,Seccional Bajo Cauca
 Isabel  Ortega  Alonso,6,2663227302,.isabel..ortega..alonso0677@udea.edu.co,Sede Norte
 Tomás  Guerra  Molina,6,5461007957,.tomás..guerra..molina0678@udea.edu.co,Sede Distrito Minero
 Martín  Molina  Cortés,6,4483114514,.martín..molina..cortés0679@udea.edu.co,Ciudad Universitaria
 Agustín  Santana  Carretero,6,1377013167,.agustín..santana..carretero0680@udea.edu.co,Sede Sonsón
 Daniela  Fernández  Guerra,6,3514133059,.daniela..fernández..guerra0681@udea.edu.co,Seccional Urabá
 Santiago  Gutiérrez  Casado,6,8827885894,.santiago..gutiérrez..casado0682@udea.edu.co,Sede Sonsón
 Manuel  Luque  Vega,6,3321324830,.manuel..luque..vega0683@udea.edu.co,Sede Nordeste
 Gabriela  González  Varela,6,4224440002,.gabriela..gonzález..varela0684@udea.edu.co,Sede Norte
 Eduardo  López  Hidalgo,6,8353743481,.eduardo..lópez..hidalgo0685@udea.edu.co,Seccional Occidente
 Tomás  Romero  Carretero,6,2883200186,.tomás..romero..carretero0686@udea.edu.co,Seccional Oriente
 María  Soler  Pérez,6,0123761308,.maría..soler..pérez0687@udea.edu.co,Sede Norte
 Alexander  Ramírez  Gutiérrez,6,4782659427,.alexander..ramírez..gutiérrez0688@udea.edu.co,Seccional Bajo Cauca
 Tomás  Gómez  Medina,6,2077907942,.tomás..gómez..medina0689@udea.edu.co,Sede Nordeste
 Pablo  González  Arias,6,0317150785,.pablo..gonzález..arias0690@udea.edu.co,Sede Sonsón
 Andrés  Linares ﻿Apellidos,6,2602304421,.andrés..linares.﻿apellidos0691@udea.edu.co,Seccional Suroeste
 Miguel  Vidal  Moya,6,0414948767,.miguel..vidal..moya0692@udea.edu.co,Seccional Urabá
 Fernanda  Cruz  Amaya,6,8405548487,.fernanda..cruz..amaya0693@udea.edu.co,Seccional Oriente
 Andrés  Ortega  Medina,6,6129157842,.andrés..ortega..medina0694@udea.edu.co,Seccional Oriente
 David  Díaz  Fernández,6,6322192724,.david..díaz..fernández0695@udea.edu.co,Seccional Oriente
 Christian  Ochoa  Hidalgo,6,7134850274,.christian..ochoa..hidalgo0696@udea.edu.co,Sede Sonsón
 Mauricio  Garrido  Muñoz,6,3866288498,.mauricio..garrido..muñoz0697@udea.edu.co,Seccional Oriente
 Victoria  Herrera  García,6,8314567494,.victoria..herrera..garcía0698@udea.edu.co,Sede Nordeste
 Cristóbal  Castro  Aguilar,6,0971034427,.cristóbal..castro..aguilar0699@udea.edu.co,Sede Norte
 Gabriela  Varela  Molina,7,7514728277,.gabriela..varela..molina0700@udea.edu.co,Seccional Magdalena Medio
 Valentina  Cortés  Delgado,7,8840205568,.valentina..cortés..delgado0701@udea.edu.co,Seccional Magdalena Medio
 María José  Iglesias  Sánchez,7,5535129664,.maría.josé..iglesias..sánchez0702@udea.edu.co,Seccional Magdalena Medio
 Paula  Moreno  Ortega,7,3158925791,.paula..moreno..ortega0703@udea.edu.co,Seccional Bajo Cauca
 Benjamín  Fernández  Gallego,7,9628280175,.benjamín..fernández..gallego0704@udea.edu.co,Ciudad Universitaria
 Daniela  Muñoz  Cortés,7,5131920886,.daniela..muñoz..cortés0705@udea.edu.co,Sede Norte
 David  Esteban  Guerra,7,7630936140,.david..esteban..guerra0706@udea.edu.co,Ciudad Universitaria
 Elizabeth  Peralta  Carretero,7,9253806703,.elizabeth..peralta..carretero0707@udea.edu.co,Sede Distrito Minero
 Cristóbal  Pérez  Soler,7,2113511691,.cristóbal..pérez..soler0708@udea.edu.co,Sede Sonsón
 Daniel  Gómez  Nieto,7,8537451647,.daniel..gómez..nieto0709@udea.edu.co,Seccional Suroeste
 María  Navarro  Cervantes,7,4771995838,.maría..navarro..cervantes0710@udea.edu.co,Seccional Occidente
 Elena  Torres  González,7,9506060134,.elena..torres..gonzález0711@udea.edu.co,Sede Sonsón
 Gabriel  Prieto  Vázquez,7,4368973055,.gabriel..prieto..vázquez0712@udea.edu.co,Sede Distrito Minero
 Natalia  Mesa  Vargas,7,2320751926,.natalia..mesa..vargas0713@udea.edu.co,Sede Norte
 Diego  Vidal  Pastor,7,0650113592,.diego..vidal..pastor0714@udea.edu.co,Seccional Suroeste
 Valentina ﻿Apellidos  Fernández,7,3278277127,.valentina.﻿apellidos..fernández0715@udea.edu.co,Seccional Bajo Cauca
 Antonella  Garrido  Álvarez,7,4211278389,.antonella..garrido..álvarez0716@udea.edu.co,Sede Nordeste
 Andrea  Guerrero  Hidalgo,7,8563349146,.andrea..guerrero..hidalgo0717@udea.edu.co,Seccional Suroeste
 Isabella  Aguilar  Hidalgo,7,6215143157,.isabella..aguilar..hidalgo0718@udea.edu.co,Sede Sonsón
 Andrés  Peralta  Oliva,7,6065626345,.andrés..peralta..oliva0719@udea.edu.co,Seccional Occidente
 Mauricio  Martínez  Gutiérrez,7,8708432535,.mauricio..martínez..gutiérrez0720@udea.edu.co,Sede Nordeste
 Fernanda  Guerra  Hidalgo,7,5081579288,.fernanda..guerra..hidalgo0721@udea.edu.co,Seccional Suroeste
 Pablo ﻿Apellidos  Cruz,7,9037991677,.pablo.﻿apellidos..cruz0722@udea.edu.co,Sede Distrito Minero
 Jimena  Vargas  Cabello,7,6717443546,.jimena..vargas..cabello0723@udea.edu.co,Sede Nordeste
 Valeria  Rubio  Amaya,7,4618046516,.valeria..rubio..amaya0724@udea.edu.co,Sede Sonsón
 Paula  Abad  Vázquez,7,2560332928,.paula..abad..vázquez0725@udea.edu.co,Seccional Occidente
 Antonella  Álvarez  Ortiz,7,0796995814,.antonella..álvarez..ortiz0726@udea.edu.co,Sede Distrito Minero
 Alejandra  González  Hidalgo,7,0172060401,.alejandra..gonzález..hidalgo0727@udea.edu.co,Ciudad Universitaria
 Natalia  Arias  Ramírez,7,1379362105,.natalia..arias..ramírez0728@udea.edu.co,Seccional Bajo Cauca
 Carolina  Garrido  Marín,7,6362876699,.carolina..garrido..marín0729@udea.edu.co,Seccional Urabá
 Valentina  Mesa  Cabrera,7,7134281481,.valentina..mesa..cabrera0730@udea.edu.co,Sede Distrito Minero
 Elena  Varela  Ramos,7,1930151503,.elena..varela..ramos0731@udea.edu.co,Sede Sonsón
 Antonia  Vidal  Ramos,7,3223838987,.antonia..vidal..ramos0732@udea.edu.co,Seccional Occidente
 Antonia  Moreno  Ramos,7,1381418896,.antonia..moreno..ramos0733@udea.edu.co,Seccional Bajo Cauca
 Gabriela  Castro  Blanco,7,6801763660,.gabriela..castro..blanco0734@udea.edu.co,Seccional Oriente
 Daniel  Moreno  Robles,7,2525683051,.daniel..moreno..robles0735@udea.edu.co,Seccional Urabá
 María José  Cordero  Molina,7,2196653780,.maría.josé..cordero..molina0736@udea.edu.co,Sede Norte
 Juliana  Suárez  Bravo,7,8061830108,.juliana..suárez..bravo0737@udea.edu.co,Sede Sonsón
 David  Castro  Luque,7,9859648266,.david..castro..luque0738@udea.edu.co,Sede Distrito Minero
 Jennifer  Vargas  Garrido,7,6239440872,.jennifer..vargas..garrido0739@udea.edu.co,Seccional Magdalena Medio
﻿Nombre  Mesa  Soler,7,7974467834,﻿nombre..mesa..soler0740@udea.edu.co,Seccional Occidente
 Marcela  Vargas  Nieto,7,7041006386,.marcela..vargas..nieto0741@udea.edu.co,Sede Distrito Minero
 Valentina  Ramos  Medina,7,8904397353,.valentina..ramos..medina0742@udea.edu.co,Ciudad Universitaria
 Natalia  Mesa  Muñoz,7,0652115915,.natalia..mesa..muñoz0743@udea.edu.co,Seccional Bajo Cauca
 Juan José  Serrano  Garrido,7,4177092788,.juan.josé..serrano..garrido0744@udea.edu.co,Sede Distrito Minero
 Juan José  Pérez  Nieto,7,7095111226,.juan.josé..pérez..nieto0745@udea.edu.co,Seccional Magdalena Medio
 Andrés  Vidal  Alonso,7,3096090134,.andrés..vidal..alonso0746@udea.edu.co,Sede Norte
 Javier  González  Rubio,7,7680490366,.javier..gonzález..rubio0747@udea.edu.co,Seccional Urabá
 Laura  Navarro  Fernández,7,9955723354,.laura..navarro..fernández0748@udea.edu.co,Seccional Occidente
﻿Nombre  Prieto  Vicente,7,3198762150,﻿nombre..prieto..vicente0749@udea.edu.co,Sede Distrito Minero
﻿Nombre  Carmona  Mesa,7,2114400161,﻿nombre..carmona..mesa0750@udea.edu.co,Seccional Suroeste
 Eduardo  Martínez  Gil,7,3329571495,.eduardo..martínez..gil0751@udea.edu.co,Sede Distrito Minero
 Gabriela  Ortega  Medina,7,2330765306,.gabriela..ortega..medina0752@udea.edu.co,Seccional Bajo Cauca
 José  Domínguez  Torres,7,1364588401,.josé..domínguez..torres0753@udea.edu.co,Ciudad Universitaria
 Adriana  Navarro  Garrido,7,8662769475,.adriana..navarro..garrido0754@udea.edu.co,Ciudad Universitaria
 Daniel  Navarro  Amaya,7,0526874797,.daniel..navarro..amaya0755@udea.edu.co,Seccional Bajo Cauca
 Antonia  Romero  Garrido,7,2668430137,.antonia..romero..garrido0756@udea.edu.co,Seccional Oriente
 María  Vargas  Pascual,7,4147524621,.maría..vargas..pascual0757@udea.edu.co,Seccional Suroeste
 Daniela  Pastor  Morales,7,8170093943,.daniela..pastor..morales0758@udea.edu.co,Seccional Occidente
 Simón  Vicente  Santana,7,4723543949,.simón..vicente..santana0759@udea.edu.co,Seccional Occidente
 Eduardo  Herrera  Rivas,7,0141390242,.eduardo..herrera..rivas0760@udea.edu.co,Seccional Oriente
 Valentina  Peralta  Rodríguez,7,3149512513,.valentina..peralta..rodríguez0761@udea.edu.co,Sede Nordeste
 Juan José ﻿Apellidos  Ortega,7,6499297409,.juan.josé.﻿apellidos..ortega0762@udea.edu.co,Seccional Occidente
 Isabella  Ríos  Ortega,7,5014679984,.isabella..ríos..ortega0763@udea.edu.co,Seccional Magdalena Medio
 Gabriel  Linares  Castro,7,4819135447,.gabriel..linares..castro0764@udea.edu.co,Sede Sonsón
 Andrés  Rubio  Cabrera,7,2249576089,.andrés..rubio..cabrera0765@udea.edu.co,Seccional Urabá
 Catalina  Hidalgo  Delgado,7,1023520716,.catalina..hidalgo..delgado0766@udea.edu.co,Sede Nordeste
 Daniel  Lucas  Linares,7,2061116974,.daniel..lucas..linares0767@udea.edu.co,Seccional Bajo Cauca
 Daniela  Guerra  Navarro,7,5670888973,.daniela..guerra..navarro0768@udea.edu.co,Sede Distrito Minero
 Antonia  Molina  Amaya,7,5355335804,.antonia..molina..amaya0769@udea.edu.co,Seccional Magdalena Medio
 María  Esteban  Gil,7,7857397296,.maría..esteban..gil0770@udea.edu.co,Sede Sonsón
 Sebastián  Ortiz  Lucas,7,1594638220,.sebastián..ortiz..lucas0771@udea.edu.co,Seccional Urabá
 María José  Casado  Garrido,7,6325211912,.maría.josé..casado..garrido0772@udea.edu.co,Seccional Oriente
 Antonella  Benítez  Linares,7,3515674948,.antonella..benítez..linares0773@udea.edu.co,Seccional Urabá
 Nicolás  Robles  Pascual,7,6135056845,.nicolás..robles..pascual0774@udea.edu.co,Sede Norte
 Camila  Robles  García,7,4393092241,.camila..robles..garcía0775@udea.edu.co,Seccional Oriente
 Lucas  Suárez  Medina,7,8768267631,.lucas..suárez..medina0776@udea.edu.co,Seccional Magdalena Medio
 Antonia  Rivas  Bravo,7,8688968873,.antonia..rivas..bravo0777@udea.edu.co,Seccional Suroeste
 Adriana  González  Oliva,7,1252223700,.adriana..gonzález..oliva0778@udea.edu.co,Seccional Urabá
 Valentina  González  Sánchez,7,8511435455,.valentina..gonzález..sánchez0779@udea.edu.co,Sede Distrito Minero
 Manuel  Herrera  Gómez,7,8131605393,.manuel..herrera..gómez0780@udea.edu.co,Seccional Occidente
 Andrea  Abad  Romero,7,3585442519,.andrea..abad..romero0781@udea.edu.co,Ciudad Universitaria
 Benjamín  Mesa  Bravo,7,0549455619,.benjamín..mesa..bravo0782@udea.edu.co,Seccional Oriente
 Andrés  Ruiz  Carmona,7,1982449802,.andrés..ruiz..carmona0783@udea.edu.co,Seccional Occidente
 Felipe  Hidalgo  Martínez,7,1702607371,.felipe..hidalgo..martínez0784@udea.edu.co,Ciudad Universitaria
 Valeria  González  Ríos,7,9139977593,.valeria..gonzález..ríos0785@udea.edu.co,Sede Sonsón
 Lucía  Gil  Vázquez,7,7386241177,.lucía..gil..vázquez0786@udea.edu.co,Sede Norte
 Marcela  Ortiz  Guerrero,7,5643728714,.marcela..ortiz..guerrero0787@udea.edu.co,Seccional Suroeste
 Catalina  Muñoz  Hidalgo,7,0257283422,.catalina..muñoz..hidalgo0788@udea.edu.co,Seccional Bajo Cauca
 Natalia  Medina  Benítez,7,0803035395,.natalia..medina..benítez0789@udea.edu.co,Seccional Urabá
 Natalia  Cabello  León,8,6126929031,.natalia..cabello..león0790@udea.edu.co,Sede Nordeste
 Alejandro  Cortés  Vicente,8,4996804803,.alejandro..cortés..vicente0791@udea.edu.co,Ciudad Universitaria
 Elizabeth  Linares  Vidal,8,7675869272,.elizabeth..linares..vidal0792@udea.edu.co,Seccional Magdalena Medio
 Nicolás  Navarro  León,8,7612622696,.nicolás..navarro..león0793@udea.edu.co,Seccional Urabá
 Juliana  Correa  Suárez,8,2109001398,.juliana..correa..suárez0794@udea.edu.co,Sede Norte
 Andrés  Medina  González,8,6446998999,.andrés..medina..gonzález0795@udea.edu.co,Seccional Magdalena Medio
 Valentina  Ferrer  Oliva,8,0622891996,.valentina..ferrer..oliva0796@udea.edu.co,Seccional Occidente
 Gabriel  Pastor  Delgado,8,4265844378,.gabriel..pastor..delgado0797@udea.edu.co,Seccional Bajo Cauca
 Catalina  Gil  Cabello,8,3630881824,.catalina..gil..cabello0798@udea.edu.co,Seccional Occidente
 Lucas  Ramírez  Cortés,8,2409896298,.lucas..ramírez..cortés0799@udea.edu.co,Ciudad Universitaria
 Antonia  Morales  Guerra,8,6306587780,.antonia..morales..guerra0800@udea.edu.co,Sede Sonsón
 Sebastián  Rodríguez  Prieto,8,6828660332,.sebastián..rodríguez..prieto0801@udea.edu.co,Sede Nordeste
 Andrés  Ramírez  Sánchez,8,8677179821,.andrés..ramírez..sánchez0802@udea.edu.co,Seccional Bajo Cauca
 Marcela  Ochoa  Álvarez,8,8480528123,.marcela..ochoa..álvarez0803@udea.edu.co,Sede Norte
 Eduardo  Vicente  León,8,1072241892,.eduardo..vicente..león0804@udea.edu.co,Seccional Urabá
 Fernanda  Ochoa  Medina,8,8269567232,.fernanda..ochoa..medina0805@udea.edu.co,Seccional Magdalena Medio
 Simón  Ruiz  Guerrero,8,7734746350,.simón..ruiz..guerrero0806@udea.edu.co,Sede Norte
 Daniela  Blanco  Rivas,8,3291269419,.daniela..blanco..rivas0807@udea.edu.co,Sede Sonsón
 Mariana  Cruz  Calvo,8,9900030767,.mariana..cruz..calvo0808@udea.edu.co,Seccional Bajo Cauca
 Samantha  Vargas  Calvo,8,6467977698,.samantha..vargas..calvo0809@udea.edu.co,Seccional Oriente
 Carolina  Cabrera  Soler,8,2244142908,.carolina..cabrera..soler0810@udea.edu.co,Seccional Bajo Cauca
 Gabriela  Guerra  Pastor,8,5270660486,.gabriela..guerra..pastor0811@udea.edu.co,Sede Sonsón
 Camila  Sánchez  Morales,8,3507413267,.camila..sánchez..morales0812@udea.edu.co,Seccional Occidente
 Gabriela  Varela  Ramírez,8,5151147257,.gabriela..varela..ramírez0813@udea.edu.co,Sede Sonsón
 Agustín  Vicente  León,8,1635077954,.agustín..vicente..león0814@udea.edu.co,Sede Sonsón
 Sofia  León  Lucas,8,1252894220,.sofia..león..lucas0815@udea.edu.co,Seccional Magdalena Medio
 Juan Pablo  Soler  Molina,8,0400283462,.juan.pablo..soler..molina0816@udea.edu.co,Seccional Urabá
 Adriana  González  Sánchez,8,1965545063,.adriana..gonzález..sánchez0817@udea.edu.co,Seccional Urabá
 Camila  Muñoz  Cabrera,8,0244811194,.camila..muñoz..cabrera0818@udea.edu.co,Seccional Magdalena Medio
 Mateo  Sánchez  Esteban,8,2301387356,.mateo..sánchez..esteban0819@udea.edu.co,Sede Distrito Minero
 Javier  Medina  Cervantes,8,5158706272,.javier..medina..cervantes0820@udea.edu.co,Seccional Urabá
 Natalia  Romero  Martínez,8,3785580334,.natalia..romero..martínez0821@udea.edu.co,Sede Distrito Minero
 Leonardo  Gutiérrez  Hidalgo,8,2518921997,.leonardo..gutiérrez..hidalgo0822@udea.edu.co,Seccional Bajo Cauca
 Emily  Díaz  Vicente,8,5328917776,.emily..díaz..vicente0823@udea.edu.co,Seccional Occidente
﻿Nombre  Casado  Cordero,8,8450497669,﻿nombre..casado..cordero0824@udea.edu.co,Sede Norte
 Eduardo  Amaya  Rodríguez,8,1065738072,.eduardo..amaya..rodríguez0825@udea.edu.co,Seccional Urabá
 Santiago  Cordero  Mesa,8,9601539055,.santiago..cordero..mesa0826@udea.edu.co,Seccional Urabá
 Lucas  Calvo  Cabello,8,6248610822,.lucas..calvo..cabello0827@udea.edu.co,Sede Sonsón
 Lucas  Delgado  Soto,8,2715042567,.lucas..delgado..soto0828@udea.edu.co,Seccional Urabá
 Paula  Cabello  Ortega,8,3783515857,.paula..cabello..ortega0829@udea.edu.co,Sede Norte
 Andrés  Ramírez  Álvarez,8,8962594815,.andrés..ramírez..álvarez0830@udea.edu.co,Seccional Suroeste
 Andrea  Carretero  Ortiz,8,6211847660,.andrea..carretero..ortiz0831@udea.edu.co,Ciudad Universitaria
 David  Medina  Vega,8,8530517191,.david..medina..vega0832@udea.edu.co,Sede Nordeste
 Valentina  Ortega  Gutiérrez,8,2464486314,.valentina..ortega..gutiérrez0833@udea.edu.co,Seccional Occidente
 Sebastián  Pérez  Marín,8,9265250979,.sebastián..pérez..marín0834@udea.edu.co,Sede Distrito Minero
 Sofía  Marín  Blanco,8,9516890940,.sofía..marín..blanco0835@udea.edu.co,Seccional Bajo Cauca
 Adriana  Santana  Correa,8,4983025498,.adriana..santana..correa0836@udea.edu.co,Sede Nordeste
 Carlos  Ortiz  Reyes,8,8246957796,.carlos..ortiz..reyes0837@udea.edu.co,Seccional Suroeste
 Eduardo  Medina  Rivas,8,5411190704,.eduardo..medina..rivas0838@udea.edu.co,Sede Norte
 Andrés  Pascual  Guerrero,8,2426200433,.andrés..pascual..guerrero0839@udea.edu.co,Sede Distrito Minero
 Cristóbal  Linares  Prieto,8,1224294341,.cristóbal..linares..prieto0840@udea.edu.co,Seccional Suroeste
 Fernanda  Abad  Vargas,8,2933628300,.fernanda..abad..vargas0841@udea.edu.co,Sede Nordeste
 Eduardo  Abad  Ruiz,8,5027031667,.eduardo..abad..ruiz0842@udea.edu.co,Seccional Urabá
 Ana  Gallego  Cruz,8,4598157425,.ana..gallego..cruz0843@udea.edu.co,Sede Sonsón
 Alejandro  Luque  Rubio,8,7585784549,.alejandro..luque..rubio0844@udea.edu.co,Seccional Bajo Cauca
 Clara  González  Guerra,8,3276275325,.clara..gonzález..guerra0845@udea.edu.co,Seccional Magdalena Medio
 Fernanda  Ortega  Gallego,8,7283553754,.fernanda..ortega..gallego0846@udea.edu.co,Sede Sonsón
 Andrés  García  Llorente,8,9985008542,.andrés..garcía..llorente0847@udea.edu.co,Seccional Suroeste
 Simón  Herrero  Abad,8,5526012826,.simón..herrero..abad0848@udea.edu.co,Ciudad Universitaria
 Valeria  Robles  Soler,8,1436624268,.valeria..robles..soler0849@udea.edu.co,Seccional Suroeste
 Carolina  Soler  Garrido,8,6124806596,.carolina..soler..garrido0850@udea.edu.co,Sede Sonsón
 Daniela  Soto  Pérez,8,6339022116,.daniela..soto..pérez0851@udea.edu.co,Sede Distrito Minero
 Gabriel  Ramos  Muñoz,8,1973781197,.gabriel..ramos..muñoz0852@udea.edu.co,Sede Norte
 Catalina  Ferrer  Ferrer,8,6688533888,.catalina..ferrer..ferrer0853@udea.edu.co,Seccional Occidente
 Sebastián  Rubio  Cruz,8,5213361670,.sebastián..rubio..cruz0854@udea.edu.co,Seccional Suroeste
 Felipe  Vidal  Lucas,8,8751560235,.felipe..vidal..lucas0855@udea.edu.co,Seccional Occidente
 Valentina  Pérez  Delgado,8,0237382935,.valentina..pérez..delgado0856@udea.edu.co,Seccional Suroeste
 Nicolás  González  Ortega,8,2803982576,.nicolás..gonzález..ortega0857@udea.edu.co,Seccional Oriente
 Elena  Cruz  Vázquez,8,4535140935,.elena..cruz..vázquez0858@udea.edu.co,Seccional Suroeste
 Santiago  González  Vega,8,6730043380,.santiago..gonzález..vega0859@udea.edu.co,Seccional Magdalena Medio
 Catalina  Calvo  Ruiz,8,0013139521,.catalina..calvo..ruiz0860@udea.edu.co,Seccional Urabá
 Alejandra  Carmona  Rodríguez,8,8200285979,.alejandra..carmona..rodríguez0861@udea.edu.co,Sede Nordeste
 Fernanda  Pérez  Garrido,8,6465829293,.fernanda..pérez..garrido0862@udea.edu.co,Sede Norte
 Antonella  Bravo  Vicente,8,6138307100,.antonella..bravo..vicente0863@udea.edu.co,Seccional Bajo Cauca
 Valentina  Blanco  Medina,8,3649279711,.valentina..blanco..medina0864@udea.edu.co,Ciudad Universitaria
 Valentina  Aguilar  Ochoa,8,8507316309,.valentina..aguilar..ochoa0865@udea.edu.co,Seccional Bajo Cauca
 Antonella  Molina  Molina,8,4753838440,.antonella..molina..molina0866@udea.edu.co,Sede Distrito Minero
 Lucas  Alonso  Herrera,8,1834211494,.lucas..alonso..herrera0867@udea.edu.co,Seccional Occidente
 Leonardo  Cabrera  Reyes,8,8318339763,.leonardo..cabrera..reyes0868@udea.edu.co,Sede Distrito Minero
 Andrés  Molina  Medina,8,7257084540,.andrés..molina..medina0869@udea.edu.co,Sede Distrito Minero
 Daniela  Luque  Nieto,9,2062914697,.daniela..luque..nieto0870@udea.edu.co,Sede Distrito Minero
 Marcela  Lucas  Medina,9,9996636689,.marcela..lucas..medina0871@udea.edu.co,Sede Distrito Minero
 Andrea  Ríos  Ruiz,9,3970245773,.andrea..ríos..ruiz0872@udea.edu.co,Sede Nordeste
 Christian  Ruiz  Ríos,9,5839606235,.christian..ruiz..ríos0873@udea.edu.co,Seccional Suroeste
 Leonardo  Ramírez  Ortiz,9,4086781698,.leonardo..ramírez..ortiz0874@udea.edu.co,Seccional Suroeste
 Emily  Suárez  Garrido,9,6127124076,.emily..suárez..garrido0875@udea.edu.co,Seccional Oriente
 Cristóbal  González  Cruz,9,7969157560,.cristóbal..gonzález..cruz0876@udea.edu.co,Sede Sonsón
 Isabella  Castro  Linares,9,5112519033,.isabella..castro..linares0877@udea.edu.co,Seccional Magdalena Medio
 Andrés  Martínez  Ríos,9,1764829404,.andrés..martínez..ríos0878@udea.edu.co,Seccional Oriente
 Tomás  Carretero  Navarro,9,4296537834,.tomás..carretero..navarro0879@udea.edu.co,Seccional Occidente
 Nicolás  Ríos  Benítez,9,4900613459,.nicolás..ríos..benítez0880@udea.edu.co,Seccional Suroeste
 Antonia  Reyes  Suárez,9,7199434687,.antonia..reyes..suárez0881@udea.edu.co,Ciudad Universitaria
 Lucas  Pascual  Ruiz,9,5776044918,.lucas..pascual..ruiz0882@udea.edu.co,Ciudad Universitaria
 Nicolás  Gil  Rodríguez,9,5398198254,.nicolás..gil..rodríguez0883@udea.edu.co,Seccional Occidente
 Cristóbal  Delgado  Gil,9,0012435888,.cristóbal..delgado..gil0884@udea.edu.co,Sede Nordeste
 Mateo  Muñoz  Moreno,9,5920709202,.mateo..muñoz..moreno0885@udea.edu.co,Sede Sonsón
 Ana  Ortega  Domínguez,9,0513497706,.ana..ortega..domínguez0886@udea.edu.co,Sede Sonsón
 Gabriela  Delgado  Rivas,9,0560011897,.gabriela..delgado..rivas0887@udea.edu.co,Ciudad Universitaria
 Ricardo  Cortés  Marín,9,6047216003,.ricardo..cortés..marín0888@udea.edu.co,Sede Sonsón
 Diego  Serrano  Medina,9,4618853159,.diego..serrano..medina0889@udea.edu.co,Seccional Oriente
 Manuel  Guerra  Bravo,9,5433397060,.manuel..guerra..bravo0890@udea.edu.co,Sede Distrito Minero
 Nicolás  Cruz  Blanco,9,2489073189,.nicolás..cruz..blanco0891@udea.edu.co,Seccional Magdalena Medio
 Isabella  Guerrero  Correa,9,1798327715,.isabella..guerrero..correa0892@udea.edu.co,Sede Nordeste
 Juan José  Miranda  Molina,9,9016794862,.juan.josé..miranda..molina0893@udea.edu.co,Ciudad Universitaria
 Antonella  Ramírez  Suárez,9,2780487022,.antonella..ramírez..suárez0894@udea.edu.co,Ciudad Universitaria
 Juan José  Abad  Santana,9,3409036588,.juan.josé..abad..santana0895@udea.edu.co,Sede Distrito Minero
﻿Nombre  Correa  Romero,9,9103339260,﻿nombre..correa..romero0896@udea.edu.co,Sede Distrito Minero
 Christian  Álvarez  Peralta,9,4615205598,.christian..álvarez..peralta0897@udea.edu.co,Seccional Urabá
 Valentina  Ferrer  Blanco,9,2934033837,.valentina..ferrer..blanco0898@udea.edu.co,Ciudad Universitaria
 Mariana  Soler  Guerrero,9,3785685403,.mariana..soler..guerrero0899@udea.edu.co,Seccional Urabá
 Andrés  Iglesias  Amaya,9,2920639577,.andrés..iglesias..amaya0900@udea.edu.co,Sede Distrito Minero
 Juan David  Medina  Molina,9,8374329824,.juan.david..medina..molina0901@udea.edu.co,Seccional Occidente
 Gabriela  Romero  Domínguez,9,5910641942,.gabriela..romero..domínguez0902@udea.edu.co,Sede Norte
 Antonia  Benítez  Aguilar,9,3711105585,.antonia..benítez..aguilar0903@udea.edu.co,Seccional Oriente
 Christian  Díaz  Pérez,9,1507449067,.christian..díaz..pérez0904@udea.edu.co,Ciudad Universitaria
 Sofia  Marín  Serrano,9,7003221693,.sofia..marín..serrano0905@udea.edu.co,Sede Distrito Minero
 Jimena  Vázquez  Guerrero,9,8032525212,.jimena..vázquez..guerrero0906@udea.edu.co,Seccional Occidente
 Andrés  Carmona  Santana,9,1371927172,.andrés..carmona..santana0907@udea.edu.co,Seccional Oriente
 Ricardo  Arias  Martínez,9,9460842117,.ricardo..arias..martínez0908@udea.edu.co,Seccional Urabá
 Samantha  Esteban  Marín,9,8606634956,.samantha..esteban..marín0909@udea.edu.co,Seccional Urabá
 Daniela ﻿Apellidos  Miranda,9,5771248488,.daniela.﻿apellidos..miranda0910@udea.edu.co,Seccional Suroeste
 Jennifer  Ramos  Ochoa,9,8023215520,.jennifer..ramos..ochoa0911@udea.edu.co,Ciudad Universitaria
 Diego  Correa  Molina,9,3738502201,.diego..correa..molina0912@udea.edu.co,Seccional Oriente
 Lucía  Molina  Luque,9,0172206661,.lucía..molina..luque0913@udea.edu.co,Seccional Oriente
 Sebastián  Iglesias  Correa,9,9415526436,.sebastián..iglesias..correa0914@udea.edu.co,Seccional Suroeste
 Andrés  Santana  Lucas,9,7677618748,.andrés..santana..lucas0915@udea.edu.co,Seccional Suroeste
 Victoria  Garrido  Díaz,9,2174525304,.victoria..garrido..díaz0916@udea.edu.co,Sede Sonsón
 Samuel  Iglesias  Garrido,9,8446574103,.samuel..iglesias..garrido0917@udea.edu.co,Seccional Suroeste
 Samantha  Vega  Cordero,9,6350175986,.samantha..vega..cordero0918@udea.edu.co,Ciudad Universitaria
 Mariana  Rivas  García,9,5071523055,.mariana..rivas..garcía0919@udea.edu.co,Seccional Bajo Cauca
 Daniela  Cervantes  Prieto,9,8469403525,.daniela..cervantes..prieto0920@udea.edu.co,Sede Sonsón
 Tomás  Abad  Molina,9,2878159993,.tomás..abad..molina0921@udea.edu.co,Ciudad Universitaria
 Christian  Álvarez  González,9,7933355635,.christian..álvarez..gonzález0922@udea.edu.co,Seccional Suroeste
 Andrés  Ortega  Rivas,9,5705281807,.andrés..ortega..rivas0923@udea.edu.co,Sede Distrito Minero
 Emma  Blanco  Molina,9,6444393530,.emma..blanco..molina0924@udea.edu.co,Seccional Magdalena Medio
 José  Abad  Torres,9,9393719463,.josé..abad..torres0925@udea.edu.co,Ciudad Universitaria
 Christian  Guerrero  Pascual,9,3674204871,.christian..guerrero..pascual0926@udea.edu.co,Sede Distrito Minero
 Laura  Suárez  Ortega,9,1565456523,.laura..suárez..ortega0927@udea.edu.co,Sede Norte
 Emily  Herrero  Bravo,9,7182145262,.emily..herrero..bravo0928@udea.edu.co,Ciudad Universitaria
 María José  Carretero  Ferrer,9,4203920340,.maría.josé..carretero..ferrer0929@udea.edu.co,Seccional Suroeste
 Natalia  Garrido  Navarro,9,3286143603,.natalia..garrido..navarro0930@udea.edu.co,Sede Norte
 Andrés  Medina  Bravo,9,1461288214,.andrés..medina..bravo0931@udea.edu.co,Sede Norte
 Valeria  Moreno  Molina,9,4271658677,.valeria..moreno..molina0932@udea.edu.co,Ciudad Universitaria
 Elena  Medina  González,9,7034226111,.elena..medina..gonzález0933@udea.edu.co,Seccional Bajo Cauca
 Isabella  Medina  Alonso,9,1412165765,.isabella..medina..alonso0934@udea.edu.co,Seccional Suroeste
 Francisco  Molina  Reyes,9,0971269851,.francisco..molina..reyes0935@udea.edu.co,Seccional Magdalena Medio
 Camila  Varela  Suárez,9,6539804596,.camila..varela..suárez0936@udea.edu.co,Seccional Occidente
 Ángel  Ortega  Delgado,9,0836953466,.ángel..ortega..delgado0937@udea.edu.co,Seccional Bajo Cauca
 Carolina  Mesa  Ortiz,9,1622015151,.carolina..mesa..ortiz0938@udea.edu.co,Sede Sonsón
 Antonia  Iglesias  Correa,9,4775425949,.antonia..iglesias..correa0939@udea.edu.co,Seccional Bajo Cauca
 Cristóbal  Esteban  Soto,10,2127071222,.cristóbal..esteban..soto0940@udea.edu.co,Sede Distrito Minero
 Paula  Varela  Ochoa,10,6227046462,.paula..varela..ochoa0941@udea.edu.co,Seccional Occidente
 Sofia  Ortiz  Cervantes,10,8298325290,.sofia..ortiz..cervantes0942@udea.edu.co,Seccional Urabá
 Catalina  Arias  Medina,10,4788585990,.catalina..arias..medina0943@udea.edu.co,Sede Distrito Minero
 Sara  Vicente  Fernández,10,6944732393,.sara..vicente..fernández0944@udea.edu.co,Ciudad Universitaria
 Alejandro  Ramos  Lucas,10,2920733104,.alejandro..ramos..lucas0945@udea.edu.co,Seccional Occidente
 Natalia  Carmona  Vargas,10,3792288034,.natalia..carmona..vargas0946@udea.edu.co,Seccional Oriente
 Felipe  Medina  Herrero,10,7311821701,.felipe..medina..herrero0947@udea.edu.co,Seccional Oriente
 David  González  Delgado,10,0253623984,.david..gonzález..delgado0948@udea.edu.co,Sede Norte
 Juan José  León  Molina,10,8767334413,.juan.josé..león..molina0949@udea.edu.co,Ciudad Universitaria
 Valentina  Fernández  Arias,10,9969485877,.valentina..fernández..arias0950@udea.edu.co,Seccional Occidente
 Simón  Ruiz  Vicente,10,7731385081,.simón..ruiz..vicente0951@udea.edu.co,Ciudad Universitaria
 Juan  Miranda  Cortés,10,8797997466,.juan..miranda..cortés0952@udea.edu.co,Seccional Bajo Cauca
 Andrés  Torres  Calvo,10,1356220851,.andrés..torres..calvo0953@udea.edu.co,Seccional Urabá
 Gabriel  Guerra  Ramírez,10,4939812344,.gabriel..guerra..ramírez0954@udea.edu.co,Seccional Oriente
 Manuel  Santana  Fernández,10,9959048849,.manuel..santana..fernández0955@udea.edu.co,Seccional Bajo Cauca
 Cristóbal  Suárez  Peralta,10,4416499941,.cristóbal..suárez..peralta0956@udea.edu.co,Sede Sonsón
 Santiago  Soto  Cabrera,10,1837583836,.santiago..soto..cabrera0957@udea.edu.co,Sede Sonsón
 María José  Suárez  Llorente,10,9523346487,.maría.josé..suárez..llorente0958@udea.edu.co,Ciudad Universitaria
 Victoria  Rodríguez  Carretero,10,0586526745,.victoria..rodríguez..carretero0959@udea.edu.co,Sede Norte
 Daniela  Llorente  Varela,10,1295429004,.daniela..llorente..varela0960@udea.edu.co,Sede Nordeste
 Gabriela  Pastor  Cervantes,10,2319215201,.gabriela..pastor..cervantes0961@udea.edu.co,Seccional Bajo Cauca
 María  Soto  Romero,10,3223198880,.maría..soto..romero0962@udea.edu.co,Sede Nordeste
 Manuel  Ríos  Navarro,10,4529676633,.manuel..ríos..navarro0963@udea.edu.co,Sede Norte
 Gabriela  Gutiérrez  Benítez,10,8082288817,.gabriela..gutiérrez..benítez0964@udea.edu.co,Sede Sonsón
 Diego  Moreno  Molina,10,0287990710,.diego..moreno..molina0965@udea.edu.co,Seccional Occidente
 Juan  Llorente  Correa,10,7914114861,.juan..llorente..correa0966@udea.edu.co,Ciudad Universitaria
 Juan  Gil  Gallego,10,6982456359,.juan..gil..gallego0967@udea.edu.co,Sede Norte
 Diego  Carretero  Reyes,10,5570070812,.diego..carretero..reyes0968@udea.edu.co,Seccional Bajo Cauca
 Juan  Ramírez  Guerra,10,0523907548,.juan..ramírez..guerra0969@udea.edu.co,Seccional Magdalena Medio
 Matías  Vega  Cruz,10,3593764477,.matías..vega..cruz0970@udea.edu.co,Seccional Suroeste
 Nicolás  Luque  Cabrera,10,7085525679,.nicolás..luque..cabrera0971@udea.edu.co,Seccional Magdalena Medio
 Daniela  Suárez  Gómez,10,6527668895,.daniela..suárez..gómez0972@udea.edu.co,Sede Nordeste
 Mauricio  Medina  Navarro,10,9438835333,.mauricio..medina..navarro0973@udea.edu.co,Sede Distrito Minero
 Clara  Nieto  Arias,10,7478466676,.clara..nieto..arias0974@udea.edu.co,Sede Sonsón
 Antonella  Prieto  Iglesias,10,9767743430,.antonella..prieto..iglesias0975@udea.edu.co,Sede Distrito Minero
 Andrea  Ríos  García,10,2466455422,.andrea..ríos..garcía0976@udea.edu.co,Seccional Urabá
 Christian  Ochoa  Serrano,10,7657674149,.christian..ochoa..serrano0977@udea.edu.co,Sede Norte
 Diego  Alonso  Vázquez,10,3231809896,.diego..alonso..vázquez0978@udea.edu.co,Seccional Urabá
 Sofía  Molina  Lucas,10,9639196552,.sofía..molina..lucas0979@udea.edu.co,Sede Distrito Minero
 Cristóbal  Cruz  Ferrer,10,2380032088,.cristóbal..cruz..ferrer0980@udea.edu.co,Seccional Magdalena Medio
 Lucas  Molina  Sánchez,10,3077463664,.lucas..molina..sánchez0981@udea.edu.co,Sede Distrito Minero
 Tomás  Álvarez  Morales,10,2049676378,.tomás..álvarez..morales0982@udea.edu.co,Seccional Magdalena Medio
 Daniel  Llorente  Morales,10,4426043837,.daniel..llorente..morales0983@udea.edu.co,Seccional Occidente
 Juliana  Prieto  Medina,10,4121496966,.juliana..prieto..medina0984@udea.edu.co,Sede Nordeste
 Simón  Guerrero  Castro,10,3529842367,.simón..guerrero..castro0985@udea.edu.co,Seccional Suroeste
 Martín  Hidalgo  Soto,10,3793278486,.martín..hidalgo..soto0986@udea.edu.co,Sede Nordeste
 Tomás  Prieto  Martínez,10,5559892340,.tomás..prieto..martínez0987@udea.edu.co,Seccional Oriente
 Mariana  Castro  García,10,8094907301,.mariana..castro..garcía0988@udea.edu.co,Sede Sonsón
 José  Luque  Ramos,10,1605745629,.josé..luque..ramos0989@udea.edu.co,Seccional Suroeste
 Marcela  Abad  Gómez,10,0877083282,.marcela..abad..gómez0990@udea.edu.co,Sede Nordeste
 Laura  Romero  Correa,10,7502238752,.laura..romero..correa0991@udea.edu.co,Sede Norte
 Daniela  Vázquez  Ramos,10,1180640466,.daniela..vázquez..ramos0992@udea.edu.co,Seccional Magdalena Medio
 Emily  Llorente  Romero,10,1862710672,.emily..llorente..romero0993@udea.edu.co,Seccional Suroeste
 Diego  Bravo  Casado,10,9920371282,.diego..bravo..casado0994@udea.edu.co,Seccional Oriente
 Valentina  Esteban  Esteban,10,3431223551,.valentina..esteban..esteban0995@udea.edu.co,Ciudad Universitaria
 Valeria  Díaz  Vicente,10,9825982050,.valeria..díaz..vicente0996@udea.edu.co,Seccional Bajo Cauca
 Luciana  Cabrera  Gutiérrez,10,4475641481,.luciana..cabrera..gutiérrez0997@udea.edu.co,Sede Nordeste
 Simón  Rubio  Herrera,10,5532522542,.simón..rubio..herrera0998@udea.edu.co,Ciudad Universitaria
 Matías  Suárez  Rodríguez,10,4149793266,.matías..suárez..rodríguez0999@udea.edu.co,Seccional Suroeste
